"Name","Date","IsDenson"
"Tri-State Sacred Harp Convention","Saturday, October 14, 2006",0
"John Etheridge Singing \n (Memorial to Winston Jones and Doss Bryan)","Sunday, July 27, 2008",0
"John Etheridge Singing \n (in Memorial to Winston Jones and Doss Bryan)","Sunday, July 26, 2009",0
"Lee Rogers Memorial Singing","Saturday, September 19, 2009",0
"Jackson Memorial Singing","Sunday, April 18, 2010",0
"Rusk County Convention","April 24-25, 2010",0
"John Etheridge Singing \n (In Memorial to Winston Jones and Doss Bryan)","Sunday, July 25, 2010",0
"John Etheridge Singing (In Memorial to Winston Jones and Doss Bryan)","Sunday, July 24, 2011",0
"Willard Birthday Singing","Sunday, August 28, 2011",0
"John Etheridge Singing \n (Memorial to Winston Jones and Doss Bryan)","Sunday, July 22, 2012",0
"Willard Birthday Singing","Sunday, August 19, 2012",0
"Lee Rogers Memorial Singing","Saturday, September 15, 2012",0
"John Etheridge Singing \n (Memorial to Winston Jones and Doss Bryan)","Sunday, July 28, 2013",0
"Lee Rogers Memorial Singing","Saturday, September 14, 2013",0
"John Etheridge Singing \n (Memorial to Winston Jones and Doss Bryan)","Sunday, July 27, 2014",0
"Fyn(n)ging","Sunday, January 11, 2015",0
"Rusk County Convention","April 25-26, 2015",0
"Rusk County Convention","April 23-24, 2015",0
"Rusk County Convention","April 22-23, 2017",0
"Rusk County Convention","April 21-22, 2018",0
"Midsummer Singing","Friday, June 22, 2018",0
"Singing in Celebration of THE Wedding \n of Ben Sachs-Hamilton and Myles Louis Dakan","Sunday, June 30, 2019",0
"Rusk County Convention","April 23-24, 2022",0
