105,http://phillysacredharp.org/wp-content/uploads/2014/11/19-105-Jewett.mp3
558,http://phillysacredharp.org/wp-content/uploads/2014/11/15-558-Living-Streams.mp3
411,http://phillysacredharp.org/wp-content/uploads/2014/11/05-411-Morning-Prayer.mp3
515,http://phillysacredharp.org/wp-content/uploads/2014/11/15-515b-Federal-Street.mp3
161,http://phillysacredharp.org/wp-content/uploads/2014/11/24-161-Sweet-Home.mp3
108t,http://phillysacredharp.org/wp-content/uploads/2014/11/33-108t-Weeping-Sinners.mp3
517,http://phillysacredharp.org/wp-content/uploads/2014/11/11-517-Mars-Hill.mp3
154,http://phillysacredharp.org/wp-content/uploads/2014/11/28-154-Rest-for-the-Weary.mp3
285t,http://phillysacredharp.org/wp-content/uploads/2014/11/03-285t-Arnold.mp3
475,http://phillysacredharp.org/wp-content/uploads/2014/11/31-475-A-Thankful-Hear.mp3
217,http://phillysacredharp.org/wp-content/uploads/2014/11/05-217-Ballstown.mp3
110,http://phillysacredharp.org/wp-content/uploads/2014/11/09-110-Mount-Vernon.mp3
193,http://phillysacredharp.org/wp-content/uploads/2014/11/29-193-Huntington.mp3
268,http://phillysacredharp.org/wp-content/uploads/2014/11/10-268-Davids-Lamentation.mp3
230,http://phillysacredharp.org/wp-content/uploads/2014/11/20-230-Converting-Grace.mp3
328,http://phillysacredharp.org/wp-content/uploads/2014/11/22-328-Praise-God.mp3
370,http://phillysacredharp.org/wp-content/uploads/2014/11/04-370-Monroe.mp3
384,http://phillysacredharp.org/wp-content/uploads/2014/11/23-384-Panting-for-Heaven.mp3
300,http://phillysacredharp.org/wp-content/uploads/2014/11/07-300-Calvary.mp3
107,http://phillysacredharp.org/wp-content/uploads/2014/11/30-107-Russia.mp3
392,http://phillysacredharp.org/wp-content/uploads/2014/11/13-392-Manchester.mp3
564,http://phillysacredharp.org/wp-content/uploads/2014/11/12-564-Zion.mp3
562,http://phillysacredharp.org/wp-content/uploads/2014/11/19-562-Infinite-Delight.mp3
333,http://phillysacredharp.org/wp-content/uploads/2014/11/14-333-Family-Circle.mp3
208,http://phillysacredharp.org/wp-content/uploads/2014/11/32-208-Traveling-On.mp3
455,http://phillysacredharp.org/wp-content/uploads/2014/11/32-455-Soar-Away.mp3
302,http://phillysacredharp.org/wp-content/uploads/2014/11/28-302-Logan.mp3
192,http://phillysacredharp.org/wp-content/uploads/2014/11/31-192-Schenectady.mp3
380,http://phillysacredharp.org/wp-content/uploads/2014/11/16-380-Lawrenceburg.mp3
280,http://phillysacredharp.org/wp-content/uploads/2014/11/23-280-Westford.mp3
480,http://phillysacredharp.org/wp-content/uploads/2014/11/27-480-Redemption.mp3
292,http://phillysacredharp.org/wp-content/uploads/2014/11/02-292-Behold-the-Savior.mp3
146,http://phillysacredharp.org/wp-content/uploads/2014/11/18-146-Hallelujah.mp3
170,http://phillysacredharp.org/wp-content/uploads/2014/11/13-170-Exhilaration.mp3
172,http://phillysacredharp.org/wp-content/uploads/2014/11/01-172-Harmony.mp3
339,http://phillysacredharp.org/wp-content/uploads/2014/11/34-339-When-I-Am-Gone.mp3
496,http://phillysacredharp.org/wp-content/uploads/2014/11/29-496-The-Rock-That-is-Higher-Than-I.mp3
542,http://phillysacredharp.org/wp-content/uploads/2014/11/03-542-Ill-Seek-His-Blessings.mp3
347,http://phillysacredharp.org/wp-content/uploads/2014/11/09-347-Christians-Farewell.mp3
444,http://phillysacredharp.org/wp-content/uploads/2014/11/30-444-All-Saints-New.mp3
163b,http://phillysacredharp.org/wp-content/uploads/2014/11/08-163b-China.mp3
477,http://phillysacredharp.org/wp-content/uploads/2014/11/21-477-Lord-We-Adore-Thee.mp3
84,http://phillysacredharp.org/wp-content/uploads/2014/11/02-84-Amsterdam.mp3
278t,http://phillysacredharp.org/wp-content/uploads/2014/11/14-278t-Love-Shall-Never-Die.mp3
556,http://phillysacredharp.org/wp-content/uploads/2014/11/25-556-Portland.mp3
298,http://phillysacredharp.org/wp-content/uploads/2014/11/26-298-Providence.mp3
163t,http://phillysacredharp.org/wp-content/uploads/2014/11/22-163t-Morning.mp3
274t,http://phillysacredharp.org/wp-content/uploads/2014/11/16-274t-The-Golden-Harp.mp3
377,http://phillysacredharp.org/wp-content/uploads/2014/11/377-Eternal-Praise.mp3
176b,http://phillysacredharp.org/wp-content/uploads/2014/11/06-176b-Blooming-Youth.mp3
117,http://phillysacredharp.org/wp-content/uploads/2014/11/04-117-Babylon-is-Fallen.mp3
547,http://phillysacredharp.org/wp-content/uploads/2014/11/17-547-Granville.mp3
393,http://phillysacredharp.org/wp-content/uploads/2014/11/18-393-Alexander.mp3
396,http://phillysacredharp.org/wp-content/uploads/2014/11/10-396-Notes-Almost-Divine.mp3
150,http://phillysacredharp.org/wp-content/uploads/2014/11/150-Amity1.mp3
567,http://phillysacredharp.org/wp-content/uploads/2014/11/25-567-The-Great-Day.mp3
463,http://phillysacredharp.org/wp-content/uploads/2014/11/08-463-Our-Humble-Faith.mp3
213t,http://phillysacredharp.org/wp-content/uploads/2014/11/26-213t-The-Good-Old-Way.mp3
410t,http://phillysacredharp.org/wp-content/uploads/2014/11/11-410t-The-Dying-Californian.mp3
436,http://phillysacredharp.org/wp-content/uploads/2014/11/06-436-Morning-Sun.mp3
112,http://phillysacredharp.org/wp-content/uploads/2014/11/20-112-The-Last-Words-of-Copernicus.mp3
503,http://phillysacredharp.org/wp-content/uploads/2014/11/21-503-Lloyd.mp3
428,http://phillysacredharp.org/wp-content/uploads/2014/11/07-428-World-Unknown.mp3
62,http://phillysacredharp.org/wp-content/uploads/2014/11/24-62-Parting-Hand.mp3