30t,Danny Creel
217,Danny Creel
35,Ken Tate
89,Yancey Jett
312b,Hubert Nall
361,Linda Booth
39b,David Jackson
203,Andy Ditzler
110,Ryan Nash
215,Linda Sides
527,Henry Guthery
142,Paula Oliver
283,Earl Ballinger
325,Buell Cobb
176b,Marty Wootten
399b,Loretta Whitman
100,Scot Oliver
182,Judy Caudle
441,Tom Booth
278t,Ken Tate
186,Cindy Tanner
419,Isaac Green
268,Larry Ballinger
333,David Brodeur
76b,Cheyenne Ivey
77t,Jamey Wootten
150,Lisa Bennett
129,Michael Walker
492,Lisa Geist
140,Nicholas Thompson
187,Sara Trumbore
216,Betty Shepherd
411,Alex Forsyth
224,Amber Davis
448t,Stefani Priskos
192,David Smead
208,Beth Ann Clay
542,Reba Windom
147b,Ken Tate
382,Hayden Arp
507,Justin Bowen
97,Nancy Phillips
61,Marlin Beasley
189,Sharon DuPriest
475,Jared Wootten
457,Diane Haywood
457,Michael Walker
138b,Tom George
302,Elene Stovall
342,Chris Ballinger
88t,Julianna Styles
324,David Ivey
387,Betty Baccus
144,Lomax Ballinger
434,Shelby Castillo
434,Reba Windom
434,Sharon DuPriest
316,Cassie Allen
422,Jesse P. Karlsberg
65,Susan Allred
170,Danny Creel
460,Lauren Bock
546,Ann Jett
546,Yancey Jett
63,David Heidorn
36b,Wanda Capps
73t,Jackie Tanner
155,Cindy Tanner
155,Lucy Heidorn
56t,Greg Allred
298,Michael Walker
120,Justin Bowen
314,Stefani Priskos
440,Yancey Jett
128,Ryan Nash
99,Jamey Wootten
99,Jared Wootten
99,Marty Wootten
396,Andy Ditzler
474,Diane Haywood
474,Lisa Bennett
319,David Brodeur
380,Sara Trumbore
380,Tom George
132,Ainslie Allen
132,Emma Hayden Calvert
388,Ainslie Allen
388,Emma Hayden Calvert
222,David Smead
377,Jesse P. Karlsberg
377,Lauren Bock
436,Reba Windom
436,Shelby Castillo
528,Lisa Geist
528,Chris Ballinger
234,Hayden Arp
234,Alex Forsyth
328,Nicholas Thompson
328,Cassie Allen
328,Isaac Green
540,Paula Oliver
540,Scot Oliver
299,Betty Shepherd
299,David Ivey
472,Larry Ballinger
472,Earl Ballinger
472,Lomax Ballinger
200,Elene Stovall
137,Sharon DuPriest
228,Judy Caudle
277,Nancy Phillips
530,Linda Sides
391,Amber Davis
106,Cheyenne Ivey
336,Marlin Beasley
WB 491b,Cassie Allen
WB 491b,David Ivey
512,Danny Creel
512,Wanda Capps
512,Ann Jett
512,Cindy Tanner
389,Lucy Heidorn
111b,Cassie Allen
111b,Shelley Calvert
111b,Yancey Jett
145t,Danny Creel
145t,Ken Tate