82t,https://shapenotecds.com/wp-content/uploads/2016/10/10_16_16CountyLine01.mp3
138t,https://shapenotecds.com/wp-content/uploads/2016/10/10_16_16CountyLine02.mp3
203,https://shapenotecds.com/wp-content/uploads/2016/10/10_16_16CountyLine03.mp3
268,https://shapenotecds.com/wp-content/uploads/2016/10/10_16_16CountyLine04.mp3
170,https://shapenotecds.com/wp-content/uploads/2016/10/10_16_16CountyLine05.mp3
411,https://shapenotecds.com/wp-content/uploads/2016/10/10_16_16CountyLine06.mp3
120,https://shapenotecds.com/wp-content/uploads/2016/10/10_16_16CountyLine07.mp3
480,https://shapenotecds.com/wp-content/uploads/2016/10/10_16_16CountyLine08.mp3
456,https://shapenotecds.com/wp-content/uploads/2016/10/10_16_16CountyLine09.mp3
103,https://shapenotecds.com/wp-content/uploads/2016/10/10_16_16CountyLine10.mp3
142,https://shapenotecds.com/wp-content/uploads/2016/10/10_16_16CountyLine11.mp3
528,https://shapenotecds.com/wp-content/uploads/2016/10/10_16_16CountyLine12.mp3
292,https://shapenotecds.com/wp-content/uploads/2016/10/10_16_16CountyLine13.mp3
423,https://shapenotecds.com/wp-content/uploads/2016/10/10_16_16CountyLine14.mp3
208,https://shapenotecds.com/wp-content/uploads/2016/10/10_16_16CountyLine15.mp3
327,https://shapenotecds.com/wp-content/uploads/2016/10/10_16_16CountyLine16.mp3
492,https://shapenotecds.com/wp-content/uploads/2016/10/10_16_16CountyLine17.mp3
498,https://shapenotecds.com/wp-content/uploads/2016/10/10_16_16CountyLine18.mp3
299,https://shapenotecds.com/wp-content/uploads/2016/10/10_16_16CountyLine19.mp3
181,https://shapenotecds.com/wp-content/uploads/2016/10/10_16_16CountyLine20.mp3
406,https://shapenotecds.com/wp-content/uploads/2016/10/10_16_16CountyLine21.mp3
530,https://shapenotecds.com/wp-content/uploads/2016/10/10_16_16CountyLine22.mp3
196,https://shapenotecds.com/wp-content/uploads/2016/10/10_16_16CountyLine23.mp3
29t,https://shapenotecds.com/wp-content/uploads/2016/10/10_16_16CountyLine24.mp3
133,https://shapenotecds.com/wp-content/uploads/2016/10/10_16_16CountyLine25.mp3
442,https://shapenotecds.com/wp-content/uploads/2016/10/10_16_16CountyLine26.mp3
296,https://shapenotecds.com/wp-content/uploads/2016/10/10_16_16CountyLine27.mp3
146,https://shapenotecds.com/wp-content/uploads/2016/10/10_16_16CountyLine28.mp3
441,https://shapenotecds.com/wp-content/uploads/2016/10/10_16_16CountyLine29.mp3
391,https://shapenotecds.com/wp-content/uploads/2016/10/10_16_16CountyLine30.mp3
274b,https://shapenotecds.com/wp-content/uploads/2016/10/10_16_16CountyLine31.mp3
421,https://shapenotecds.com/wp-content/uploads/2016/10/10_16_16CountyLine32.mp3
47t,https://shapenotecds.com/wp-content/uploads/2016/10/10_16_16CountyLine33.mp3
472,https://shapenotecds.com/wp-content/uploads/2016/10/10_16_16CountyLine34.mp3
318,https://shapenotecds.com/wp-content/uploads/2016/10/10_16_16CountyLine35.mp3
436,https://shapenotecds.com/wp-content/uploads/2016/10/10_16_16CountyLine36.mp3
72b,https://shapenotecds.com/wp-content/uploads/2016/10/10_16_16CountyLine37.mp3
162,https://shapenotecds.com/wp-content/uploads/2016/10/10_16_16CountyLine38.mp3
434,https://shapenotecds.com/wp-content/uploads/2016/10/10_16_16CountyLine39.mp3
532,https://shapenotecds.com/wp-content/uploads/2016/10/10_16_16CountyLine40.mp3
167,https://shapenotecds.com/wp-content/uploads/2016/10/10_16_16CountyLine41.mp3
546,https://shapenotecds.com/wp-content/uploads/2016/10/10_16_16CountyLine42.mp3
447,https://shapenotecds.com/wp-content/uploads/2016/10/10_16_16CountyLine43.mp3
217,https://shapenotecds.com/wp-content/uploads/2016/10/10_16_16CountyLine44.mp3
269,https://shapenotecds.com/wp-content/uploads/2016/10/10_16_16CountyLine45.mp3
182,https://shapenotecds.com/wp-content/uploads/2016/10/10_16_16CountyLine46.mp3
76b,https://shapenotecds.com/wp-content/uploads/2016/10/10_16_16CountyLine47.mp3
111b,https://shapenotecds.com/wp-content/uploads/2016/10/10_16_16CountyLine48.mp3
225t,https://shapenotecds.com/wp-content/uploads/2016/10/10_16_16CountyLine49.mp3
84,https://shapenotecds.com/wp-content/uploads/2016/10/10_16_16CountyLine50.mp3
380,https://shapenotecds.com/wp-content/uploads/2016/10/10_16_16CountyLine51.mp3
383,https://shapenotecds.com/wp-content/uploads/2016/10/10_16_16CountyLine52.mp3
282,https://shapenotecds.com/wp-content/uploads/2016/10/10_16_16CountyLine53.mp3
512,https://shapenotecds.com/wp-content/uploads/2016/10/10_16_16CountyLine54.mp3
222,https://shapenotecds.com/wp-content/uploads/2016/10/10_16_16CountyLine55.mp3
273,https://shapenotecds.com/wp-content/uploads/2016/10/10_16_16CountyLine56.mp3
89,https://shapenotecds.com/wp-content/uploads/2016/10/10_16_16CountyLine57.mp3
460,https://shapenotecds.com/wp-content/uploads/2016/10/10_16_16CountyLine58.mp3
384,https://shapenotecds.com/wp-content/uploads/2016/10/10_16_16CountyLine59.mp3
