129,https://shapenotecds.com/wp-content/uploads/2018/04/2018_04_08CountyLine01.mp3
47t,https://shapenotecds.com/wp-content/uploads/2018/04/2018_04_08CountyLine02.mp3
312b,https://shapenotecds.com/wp-content/uploads/2018/04/2018_04_08CountyLine03.mp3
64,https://shapenotecds.com/wp-content/uploads/2018/04/2018_04_08CountyLine04.mp3
434,https://shapenotecds.com/wp-content/uploads/2018/04/2018_04_08CountyLine05.mp3
203,https://shapenotecds.com/wp-content/uploads/2018/04/2018_04_08CountyLine06.mp3
168,https://shapenotecds.com/wp-content/uploads/2018/04/2018_04_08CountyLine07.mp3
436,https://shapenotecds.com/wp-content/uploads/2018/04/2018_04_08CountyLine08.mp3
317,https://shapenotecds.com/wp-content/uploads/2018/04/2018_04_08CountyLine09.mp3
480,https://shapenotecds.com/wp-content/uploads/2018/04/2018_04_08CountyLine10.mp3
225t,https://shapenotecds.com/wp-content/uploads/2018/04/2018_04_08CountyLine11.mp3
392,https://shapenotecds.com/wp-content/uploads/2018/04/2018_04_08CountyLine12.mp3
102,https://shapenotecds.com/wp-content/uploads/2018/04/2018_04_08CountyLine13.mp3
81t,https://shapenotecds.com/wp-content/uploads/2018/04/2018_04_08CountyLine14.mp3
217,https://shapenotecds.com/wp-content/uploads/2018/04/2018_04_08CountyLine15.mp3
312t,https://shapenotecds.com/wp-content/uploads/2018/04/2018_04_08CountyLine16.mp3
94,https://shapenotecds.com/wp-content/uploads/2018/04/2018_04_08CountyLine17.mp3
108t,https://shapenotecds.com/wp-content/uploads/2018/04/2018_04_08CountyLine18.mp3
101t,https://shapenotecds.com/wp-content/uploads/2018/04/2018_04_08CountyLine19.mp3
411,https://shapenotecds.com/wp-content/uploads/2018/04/2018_04_08CountyLine20.mp3
278b,https://shapenotecds.com/wp-content/uploads/2018/04/2018_04_08CountyLine21.mp3
123t,https://shapenotecds.com/wp-content/uploads/2018/04/2018_04_08CountyLine22.mp3
214,https://shapenotecds.com/wp-content/uploads/2018/04/2018_04_08CountyLine23.mp3
378b,https://shapenotecds.com/wp-content/uploads/2018/04/2018_04_08CountyLine24.mp3
338,https://shapenotecds.com/wp-content/uploads/2018/04/2018_04_08CountyLine25.mp3
282,https://shapenotecds.com/wp-content/uploads/2018/04/2018_04_08CountyLine26.mp3
117,https://shapenotecds.com/wp-content/uploads/2018/04/2018_04_08CountyLine27.mp3
313t,https://shapenotecds.com/wp-content/uploads/2018/04/2018_04_08CountyLine28.mp3
216,https://shapenotecds.com/wp-content/uploads/2018/04/2018_04_08CountyLine29.mp3
142,https://shapenotecds.com/wp-content/uploads/2018/04/2018_04_08CountyLine30.mp3
234,https://shapenotecds.com/wp-content/uploads/2018/04/2018_04_08CountyLine31.mp3
84,https://shapenotecds.com/wp-content/uploads/2018/04/2018_04_08CountyLine32.mp3
228,https://shapenotecds.com/wp-content/uploads/2018/04/2018_04_08CountyLine33.mp3
273,https://shapenotecds.com/wp-content/uploads/2018/04/2018_04_08CountyLine34.mp3
26,https://shapenotecds.com/wp-content/uploads/2018/04/2018_04_08CountyLine35.mp3
368,https://shapenotecds.com/wp-content/uploads/2018/04/2018_04_08CountyLine36.mp3
340,https://shapenotecds.com/wp-content/uploads/2018/04/2018_04_08CountyLine37.mp3
542,https://shapenotecds.com/wp-content/uploads/2018/04/2018_04_08CountyLine38.mp3
215,https://shapenotecds.com/wp-content/uploads/2018/04/2018_04_08CountyLine39.mp3
500,https://shapenotecds.com/wp-content/uploads/2018/04/2018_04_08CountyLine40.mp3
224,https://shapenotecds.com/wp-content/uploads/2018/04/2018_04_08CountyLine41.mp3
268,https://shapenotecds.com/wp-content/uploads/2018/04/2018_04_08CountyLine42.mp3
440,https://shapenotecds.com/wp-content/uploads/2018/04/2018_04_08CountyLine43.mp3
283,https://shapenotecds.com/wp-content/uploads/2018/04/2018_04_08CountyLine44.mp3
460,https://shapenotecds.com/wp-content/uploads/2018/04/2018_04_08CountyLine45.mp3
388,https://shapenotecds.com/wp-content/uploads/2018/04/2018_04_08CountyLine46.mp3
76b,https://shapenotecds.com/wp-content/uploads/2018/04/2018_04_08CountyLine47.mp3
312b,https://shapenotecds.com/wp-content/uploads/2018/04/2018_04_08CountyLine48.mp3
445,https://shapenotecds.com/wp-content/uploads/2018/04/2018_04_08CountyLine49.mp3
186,https://shapenotecds.com/wp-content/uploads/2018/04/2018_04_08CountyLine50.mp3
196,https://shapenotecds.com/wp-content/uploads/2018/04/2018_04_08CountyLine51.mp3
339,https://shapenotecds.com/wp-content/uploads/2018/04/2018_04_08CountyLine52.mp3
512,https://shapenotecds.com/wp-content/uploads/2018/04/2018_04_08CountyLine53.mp3
474,https://shapenotecds.com/wp-content/uploads/2018/04/2018_04_08CountyLine54.mp3
477,https://shapenotecds.com/wp-content/uploads/2018/04/2018_04_08CountyLine55.mp3
547,https://shapenotecds.com/wp-content/uploads/2018/04/2018_04_08CountyLine56.mp3
475,https://shapenotecds.com/wp-content/uploads/2018/04/2018_04_08CountyLine57.mp3
333,https://shapenotecds.com/wp-content/uploads/2018/04/2018_04_08CountyLine58.mp3
172,https://shapenotecds.com/wp-content/uploads/2018/04/2018_04_08CountyLine59.mp3
530,https://shapenotecds.com/wp-content/uploads/2018/04/2018_04_08CountyLine60.mp3
272,https://shapenotecds.com/wp-content/uploads/2018/04/2018_04_08CountyLine61.mp3
546,https://shapenotecds.com/wp-content/uploads/2018/04/2018_04_08CountyLine62.mp3
498,https://shapenotecds.com/wp-content/uploads/2018/04/2018_04_08CountyLine63.mp3
456,https://shapenotecds.com/wp-content/uploads/2018/04/2018_04_08CountyLine64.mp3
485,https://shapenotecds.com/wp-content/uploads/2018/04/2018_04_08CountyLine65.mp3
336,https://shapenotecds.com/wp-content/uploads/2018/04/2018_04_08CountyLine66.mp3
269,https://shapenotecds.com/wp-content/uploads/2018/04/2018_04_08CountyLine67.mp3
432,https://shapenotecds.com/wp-content/uploads/2018/04/2018_04_08CountyLine68.mp3
77t,https://shapenotecds.com/wp-content/uploads/2018/04/2018_04_08CountyLine69.mp3
455,https://shapenotecds.com/wp-content/uploads/2018/04/2018_04_08CountyLine70.mp3
206,https://shapenotecds.com/wp-content/uploads/2018/04/2018_04_08CountyLine71.mp3
192,https://shapenotecds.com/wp-content/uploads/2018/04/2018_04_08CountyLine72.mp3
155,https://shapenotecds.com/wp-content/uploads/2018/04/2018_04_08CountyLine73.mp3
200,https://shapenotecds.com/wp-content/uploads/2018/04/2018_04_08CountyLine74.mp3
316,https://shapenotecds.com/wp-content/uploads/2018/04/2018_04_08CountyLine75.mp3
159,https://shapenotecds.com/wp-content/uploads/2018/04/2018_04_08CountyLine76.mp3
146,https://shapenotecds.com/wp-content/uploads/2018/04/2018_04_08CountyLine77.mp3
327,https://shapenotecds.com/wp-content/uploads/2018/04/2018_04_08CountyLine78.mp3
47b,https://shapenotecds.com/wp-content/uploads/2018/04/2018_04_08CountyLine79.mp3
299,https://shapenotecds.com/wp-content/uploads/2018/04/2018_04_08CountyLine80.mp3
298,https://shapenotecds.com/wp-content/uploads/2018/04/2018_04_08CountyLine81.mp3
36b,https://shapenotecds.com/wp-content/uploads/2018/04/2018_04_08CountyLine82.mp3
270,https://shapenotecds.com/wp-content/uploads/2018/04/2018_04_08CountyLine83.mp3
208,https://shapenotecds.com/wp-content/uploads/2018/04/2018_04_08CountyLine84.mp3
53,https://shapenotecds.com/wp-content/uploads/2018/04/2018_04_08CountyLine85.mp3
30t,https://shapenotecds.com/wp-content/uploads/2018/04/2018_04_08CountyLine86.mp3
342,https://shapenotecds.com/wp-content/uploads/2018/04/2018_04_08CountyLine87.mp3
352,https://shapenotecds.com/wp-content/uploads/2018/04/2018_04_08CountyLine88.mp3
46,https://shapenotecds.com/wp-content/uploads/2018/04/2018_04_08CountyLine89.mp3
