32t,https://shapenotecds.com/wp-content/uploads/2017/03/03_25_17GA_State_01.mp3
101t,https://shapenotecds.com/wp-content/uploads/2017/03/03_25_17GA_State_02.mp3
68b,https://shapenotecds.com/wp-content/uploads/2017/03/03_25_17GA_State_03.mp3
64,https://shapenotecds.com/wp-content/uploads/2017/03/03_25_17GA_State_04.mp3
39t,https://shapenotecds.com/wp-content/uploads/2017/03/03_25_17GA_State_05.mp3
204,https://shapenotecds.com/wp-content/uploads/2017/03/03_25_17GA_State_06.mp3
343,https://shapenotecds.com/wp-content/uploads/2017/03/03_25_17GA_State_07.mp3
225t,https://shapenotecds.com/wp-content/uploads/2017/03/03_25_17GA_State_08.mp3
300,https://shapenotecds.com/wp-content/uploads/2017/03/03_25_17GA_State_09.mp3
397,https://shapenotecds.com/wp-content/uploads/2017/03/03_25_17GA_State_10.mp3
52t,https://shapenotecds.com/wp-content/uploads/2017/03/03_25_17GA_State_11.mp3
566,https://shapenotecds.com/wp-content/uploads/2017/03/03_25_17GA_State_12.mp3
504,https://shapenotecds.com/wp-content/uploads/2017/03/03_25_17GA_State_13.mp3
358,https://shapenotecds.com/wp-content/uploads/2017/03/03_25_17GA_State_14.mp3
494,https://shapenotecds.com/wp-content/uploads/2017/03/03_25_17GA_State_15.mp3
168,https://shapenotecds.com/wp-content/uploads/2017/03/03_25_17GA_State_17.mp3
434,https://shapenotecds.com/wp-content/uploads/2017/03/03_25_17GA_State_18.mp3
286,https://shapenotecds.com/wp-content/uploads/2017/03/03_25_17GA_State_20.mp3
276,https://shapenotecds.com/wp-content/uploads/2017/03/03_25_17GA_State_21.mp3
155,https://shapenotecds.com/wp-content/uploads/2017/03/03_25_17GA_State_22.mp3
183,https://shapenotecds.com/wp-content/uploads/2017/03/03_25_17GA_State_23.mp3
65,https://shapenotecds.com/wp-content/uploads/2017/03/03_25_17GA_State_24.mp3
314,https://shapenotecds.com/wp-content/uploads/2017/03/03_25_17GA_State_25.mp3
538,https://shapenotecds.com/wp-content/uploads/2017/03/03_25_17GA_State_26.mp3
166,https://shapenotecds.com/wp-content/uploads/2017/03/03_25_17GA_State_27.mp3
288,https://shapenotecds.com/wp-content/uploads/2017/03/03_25_17GA_State_28.mp3
120,https://shapenotecds.com/wp-content/uploads/2017/03/03_25_17GA_State_29.mp3
349,https://shapenotecds.com/wp-content/uploads/2017/03/03_25_17GA_State_30.mp3
122,https://shapenotecds.com/wp-content/uploads/2017/03/03_25_17GA_State_31.mp3
282,https://shapenotecds.com/wp-content/uploads/2017/03/03_25_17GA_State_32.mp3
348b,https://shapenotecds.com/wp-content/uploads/2017/03/03_25_17GA_State_33.mp3
44,https://shapenotecds.com/wp-content/uploads/2017/03/03_25_17GA_State_34.mp3
564,https://shapenotecds.com/wp-content/uploads/2017/03/03_25_17GA_State_35.mp3
446,https://shapenotecds.com/wp-content/uploads/2017/03/03_25_17GA_State_36.mp3
290,https://shapenotecds.com/wp-content/uploads/2017/03/03_25_17GA_State_37.mp3
135,https://shapenotecds.com/wp-content/uploads/2017/03/03_25_17GA_State_38.mp3
445,https://shapenotecds.com/wp-content/uploads/2017/03/03_25_17GA_State_39.mp3
439,https://shapenotecds.com/wp-content/uploads/2017/03/03_25_17GA_State_40.mp3
215,https://shapenotecds.com/wp-content/uploads/2017/03/03_25_17GA_State_41.mp3
345t,https://shapenotecds.com/wp-content/uploads/2017/03/03_25_17GA_State_42.mp3
271t,https://shapenotecds.com/wp-content/uploads/2017/03/03_25_17GA_State_43.mp3
129,https://shapenotecds.com/wp-content/uploads/2017/03/03_25_17GA_State_44.mp3
236,https://shapenotecds.com/wp-content/uploads/2017/03/03_25_17GA_State_45.mp3
206,https://shapenotecds.com/wp-content/uploads/2017/03/03_25_17GA_State_46.mp3
431,https://shapenotecds.com/wp-content/uploads/2017/03/03_25_17GA_State_47.mp3
273,https://shapenotecds.com/wp-content/uploads/2017/03/03_25_17GA_State_48.mp3
82b,https://shapenotecds.com/wp-content/uploads/2017/03/03_25_17GA_State_49.mp3
430,https://shapenotecds.com/wp-content/uploads/2017/03/03_25_17GA_State_50.mp3
505,https://shapenotecds.com/wp-content/uploads/2017/03/03_25_17GA_State_51.mp3
142,https://shapenotecds.com/wp-content/uploads/2017/03/03_25_17GA_State_52.mp3
143,https://shapenotecds.com/wp-content/uploads/2017/03/03_25_17GA_State_53.mp3
572,https://shapenotecds.com/wp-content/uploads/2017/03/03_25_17GA_State_54.mp3
476,https://shapenotecds.com/wp-content/uploads/2017/03/03_25_17GA_State_55.mp3
209,https://shapenotecds.com/wp-content/uploads/2017/03/03_25_17GA_State_56.mp3
88t,https://shapenotecds.com/wp-content/uploads/2017/03/03_25_17GA_State_57.mp3
318,https://shapenotecds.com/wp-content/uploads/2017/03/03_25_17GA_State_58.mp3
373,https://shapenotecds.com/wp-content/uploads/2017/03/03_25_17GA_State_59.mp3
214,https://shapenotecds.com/wp-content/uploads/2017/03/03_25_17GA_State_60.mp3
422,https://shapenotecds.com/wp-content/uploads/2017/03/03_25_17GA_State_61-1.mp3
475,https://shapenotecds.com/wp-content/uploads/2017/03/03_25_17GA_State_61a.mp3
477,https://shapenotecds.com/wp-content/uploads/2017/03/03_25_17GA_State_62.mp3
336,https://shapenotecds.com/wp-content/uploads/2017/03/03_25_17GA_State_63.mp3
303,https://shapenotecds.com/wp-content/uploads/2017/03/03_25_17GA_State_64.mp3
272,https://shapenotecds.com/wp-content/uploads/2017/03/03_25_17GA_State_65.mp3
454,https://shapenotecds.com/wp-content/uploads/2017/03/03_25_17GA_State_66.mp3
309,https://shapenotecds.com/wp-content/uploads/2017/03/03_25_17GA_State_67.mp3
426b,https://shapenotecds.com/wp-content/uploads/2017/03/03_25_17GA_State_68.mp3
549,https://shapenotecds.com/wp-content/uploads/2017/03/03_25_17GA_State_69.mp3
153,https://shapenotecds.com/wp-content/uploads/2017/03/03_25_17GA_State_70.mp3
148,https://shapenotecds.com/wp-content/uploads/2017/03/03_25_17GA_State_71.mp3
197,https://shapenotecds.com/wp-content/uploads/2017/03/03_25_17GA_State_72.mp3
542,https://shapenotecds.com/wp-content/uploads/2017/03/03_25_17GA_State_73.mp3
546,https://shapenotecds.com/wp-content/uploads/2017/03/03_25_17GA_State_74.mp3
56b,https://shapenotecds.com/wp-content/uploads/2017/03/03_25_17GA_State_75.mp3
208,https://shapenotecds.com/wp-content/uploads/2017/03/03_25_17GA_State_76.mp3
497,https://shapenotecds.com/wp-content/uploads/2017/03/03_25_17GA_State_77.mp3
114,https://shapenotecds.com/wp-content/uploads/2017/03/03_25_17GA_State_78.mp3
73t,https://shapenotecds.com/wp-content/uploads/2017/03/03_25_17GA_State_79.mp3
568,https://shapenotecds.com/wp-content/uploads/2017/03/03_25_17GA_State_79-Copy.mp3
567,https://shapenotecds.com/wp-content/uploads/2017/03/03_25_17GA_State_80.mp3
112,https://shapenotecds.com/wp-content/uploads/2017/03/03_25_17GA_State_81.mp3
340,https://shapenotecds.com/wp-content/uploads/2017/03/03_25_17GA_State_82.mp3
269,https://shapenotecds.com/wp-content/uploads/2017/03/03_25_17GA_State_83.mp3
327,https://shapenotecds.com/wp-content/uploads/2017/03/03_25_17GA_State_84.mp3
313t,https://shapenotecds.com/wp-content/uploads/2017/03/03_25_17GA_State_85.mp3
472,https://shapenotecds.com/wp-content/uploads/2017/03/03_25_17GA_State_86.mp3
41,https://shapenotecds.com/wp-content/uploads/2017/03/03_25_17GA_State_87.mp3
228,https://shapenotecds.com/wp-content/uploads/2017/03/03_25_17GA_State_88.mp3
486,https://shapenotecds.com/wp-content/uploads/2017/03/03_25_17GA_State_89.mp3
217,https://shapenotecds.com/wp-content/uploads/2017/03/03_25_17GA_State_90.mp3
495,https://shapenotecds.com/wp-content/uploads/2017/03/03_25_17GA_State_91.mp3
62,https://shapenotecds.com/wp-content/uploads/2017/03/03_25_17GA_State_92.mp3
144,https://shapenotecds.com/wp-content/uploads/2017/03/03_26_17GA_State_01.mp3
124,https://shapenotecds.com/wp-content/uploads/2017/03/03_26_17GA_State_02.mp3
299,https://shapenotecds.com/wp-content/uploads/2017/03/03_26_17GA_State_03.mp3
36b,https://shapenotecds.com/wp-content/uploads/2017/03/03_26_17GA_State_04.mp3
48t,https://shapenotecds.com/wp-content/uploads/2017/03/03_26_17GA_State_05.mp3
142,https://shapenotecds.com/wp-content/uploads/2017/03/03_26_17GA_State_06.mp3
329,https://shapenotecds.com/wp-content/uploads/2017/03/03_26_17GA_State_07.mp3
370,https://shapenotecds.com/wp-content/uploads/2017/03/03_26_17GA_State_08.mp3
316,https://shapenotecds.com/wp-content/uploads/2017/03/03_26_17GA_State_09.mp3
348t,https://shapenotecds.com/wp-content/uploads/2017/03/03_26_17GA_State_10.mp3
100,https://shapenotecds.com/wp-content/uploads/2017/03/03_26_17GA_State_11.mp3
227,https://shapenotecds.com/wp-content/uploads/2017/03/03_26_17GA_State_12.mp3
275t,https://shapenotecds.com/wp-content/uploads/2017/03/03_26_17GA_State_13.mp3
278t,https://shapenotecds.com/wp-content/uploads/2017/03/03_26_17GA_State_14.mp3
352,https://shapenotecds.com/wp-content/uploads/2017/03/03_26_17GA_State_15.mp3
338,https://shapenotecds.com/wp-content/uploads/2017/03/03_26_17GA_State_16.mp3
99,https://shapenotecds.com/wp-content/uploads/2017/03/03_26_17GA_State_17.mp3
192,https://shapenotecds.com/wp-content/uploads/2017/03/03_26_17GA_State_18.mp3
45t,https://shapenotecds.com/wp-content/uploads/2017/03/03_26_17GA_State_19.mp3
187,https://shapenotecds.com/wp-content/uploads/2017/03/03_26_17GA_State_20.mp3
569t,https://shapenotecds.com/wp-content/uploads/2017/03/03_26_17GA_State_21.mp3
326,https://shapenotecds.com/wp-content/uploads/2017/03/03_26_17GA_State_22.mp3
460,https://shapenotecds.com/wp-content/uploads/2017/03/03_26_17GA_State_23.mp3
518,https://shapenotecds.com/wp-content/uploads/2017/03/03_26_17GA_State_25.mp3
274t,https://shapenotecds.com/wp-content/uploads/2017/03/03_26_17GA_State_26.mp3
440,https://shapenotecds.com/wp-content/uploads/2017/03/03_26_17GA_State_27.mp3
204,https://shapenotecds.com/wp-content/uploads/2017/03/03_26_17GA_State_28.mp3
392,https://shapenotecds.com/wp-content/uploads/2017/03/03_26_17GA_State_29.mp3
573,https://shapenotecds.com/wp-content/uploads/2017/03/03_26_17GA_State_30.mp3
49b,https://shapenotecds.com/wp-content/uploads/2017/03/03_26_17GA_State_31.mp3
516,https://shapenotecds.com/wp-content/uploads/2017/03/03_26_17GA_State_32.mp3
57,https://shapenotecds.com/wp-content/uploads/2017/03/03_26_17GA_State_33.mp3
283,https://shapenotecds.com/wp-content/uploads/2017/03/03_26_17GA_State_34.mp3
202,https://shapenotecds.com/wp-content/uploads/2017/03/03_26_17GA_State_35.mp3
178,https://shapenotecds.com/wp-content/uploads/2017/03/03_26_17GA_State_36.mp3
318,https://shapenotecds.com/wp-content/uploads/2017/03/03_26_17GA_State_37.mp3
426b,https://shapenotecds.com/wp-content/uploads/2017/03/03_26_17GA_State_38.mp3
43,https://shapenotecds.com/wp-content/uploads/2017/03/03_26_17GA_State_39.mp3
269,https://shapenotecds.com/wp-content/uploads/2017/03/03_26_17GA_State_40.mp3
186,https://shapenotecds.com/wp-content/uploads/2017/03/03_26_17GA_State_41.mp3
147t,https://shapenotecds.com/wp-content/uploads/2017/03/03_26_17GA_State_42.mp3
33b,https://shapenotecds.com/wp-content/uploads/2017/03/03_26_17GA_State_43.mp3
284,https://shapenotecds.com/wp-content/uploads/2017/03/03_26_17GA_State_44.mp3
328,https://shapenotecds.com/wp-content/uploads/2017/03/03_26_17GA_State_45.mp3
216,https://shapenotecds.com/wp-content/uploads/2017/03/03_26_17GA_State_46.mp3
408,https://shapenotecds.com/wp-content/uploads/2017/03/03_26_17GA_State_47.mp3
39b,https://shapenotecds.com/wp-content/uploads/2017/03/03_26_17GA_State_48.mp3
547,https://shapenotecds.com/wp-content/uploads/2017/03/03_26_17GA_State_49.mp3
145t,https://shapenotecds.com/wp-content/uploads/2017/03/03_26_17GA_State_50.mp3
451,https://shapenotecds.com/wp-content/uploads/2017/03/03_26_17GA_State_51.mp3
38b,https://shapenotecds.com/wp-content/uploads/2017/03/03_26_17GA_State_52.mp3
340,https://shapenotecds.com/wp-content/uploads/2017/03/03_26_17GA_State_53.mp3
500,https://shapenotecds.com/wp-content/uploads/2017/03/03_26_17GA_State_54.mp3
528,https://shapenotecds.com/wp-content/uploads/2017/03/03_26_17GA_State_55.mp3
530,https://shapenotecds.com/wp-content/uploads/2017/03/03_26_17GA_State_56.mp3
534,https://shapenotecds.com/wp-content/uploads/2017/03/03_26_17GA_State_57.mp3
312t,https://shapenotecds.com/wp-content/uploads/2017/03/03_26_17GA_State_58.mp3
455,https://shapenotecds.com/wp-content/uploads/2017/03/03_26_17GA_State_59.mp3
182,https://shapenotecds.com/wp-content/uploads/2017/03/03_26_17GA_State_60.mp3
310,https://shapenotecds.com/wp-content/uploads/2017/03/03_26_17GA_State_61.mp3
66,https://shapenotecds.com/wp-content/uploads/2017/03/03_26_17GA_State_62.mp3
59,https://shapenotecds.com/wp-content/uploads/2017/03/03_26_17GA_State_63.mp3
330b,https://shapenotecds.com/wp-content/uploads/2017/03/03_26_17GA_State_64.mp3
39t,https://shapenotecds.com/wp-content/uploads/2017/03/03_26_17GA_State_65.mp3
430,https://shapenotecds.com/wp-content/uploads/2017/03/03_26_17GA_State_66.mp3
220,https://shapenotecds.com/wp-content/uploads/2017/03/03_26_17GA_State_67.mp3
273,https://shapenotecds.com/wp-content/uploads/2017/03/03_26_17GA_State_68.mp3
107,https://shapenotecds.com/wp-content/uploads/2017/03/03_26_17GA_State_69.mp3
317,https://shapenotecds.com/wp-content/uploads/2017/03/03_26_17GA_State_70.mp3
89,https://shapenotecds.com/wp-content/uploads/2017/03/03_26_17GA_State_71.mp3
501,https://shapenotecds.com/wp-content/uploads/2017/03/03_26_17GA_State_72.mp3
76b,https://shapenotecds.com/wp-content/uploads/2017/03/03_26_17GA_State_73.mp3
282,https://shapenotecds.com/wp-content/uploads/2017/03/03_26_17GA_State_74.mp3
313b,https://shapenotecds.com/wp-content/uploads/2017/03/03_26_17GA_State_75.mp3
74t,https://shapenotecds.com/wp-content/uploads/2017/03/03_26_17GA_State_76.mp3
106,https://shapenotecds.com/wp-content/uploads/2017/03/03_26_17GA_State_77.mp3
448b,https://shapenotecds.com/wp-content/uploads/2017/03/03_26_17GA_State_78.mp3
384,https://shapenotecds.com/wp-content/uploads/2017/03/03_26_17GA_State_79.mp3
97,https://shapenotecds.com/wp-content/uploads/2017/03/03_26_17GA_State_80.mp3
411,https://shapenotecds.com/wp-content/uploads/2017/03/03_26_17GA_State_81.mp3
200,https://shapenotecds.com/wp-content/uploads/2017/03/03_26_17GA_State_82.mp3
222,https://shapenotecds.com/wp-content/uploads/2017/03/03_26_17GA_State_83.mp3
62,https://shapenotecds.com/wp-content/uploads/2017/03/03_26_17GA_State_84.mp3
