59,https://shapenotecds.com/wp-content/uploads/2018/03/2018_03_24GAState01.mp3
460,https://shapenotecds.com/wp-content/uploads/2018/03/2018_03_24GAState02.mp3
394,https://shapenotecds.com/wp-content/uploads/2018/03/2018_03_24GAState03.mp3
203,https://shapenotecds.com/wp-content/uploads/2018/03/2018_03_24GAState04.mp3
32t,https://shapenotecds.com/wp-content/uploads/2018/03/2018_03_24GAState05.mp3
488,https://shapenotecds.com/wp-content/uploads/2018/03/2018_03_24GAState06.mp3
142,https://shapenotecds.com/wp-content/uploads/2018/03/2018_03_24GAState07.mp3
153,https://shapenotecds.com/wp-content/uploads/2018/03/2018_03_24GAState08.mp3
456,https://shapenotecds.com/wp-content/uploads/2018/03/2018_03_24GAState09.mp3
157,https://shapenotecds.com/wp-content/uploads/2018/03/2018_03_24GAState10.mp3
120,https://shapenotecds.com/wp-content/uploads/2018/03/2018_03_24GAState11.mp3
318,https://shapenotecds.com/wp-content/uploads/2018/03/2018_03_24GAState12.mp3
339,https://shapenotecds.com/wp-content/uploads/2018/03/2018_03_24GAState13.mp3
556,https://shapenotecds.com/wp-content/uploads/2018/03/2018_03_24GAState14.mp3
112,https://shapenotecds.com/wp-content/uploads/2018/03/2018_03_24GAState15.mp3
56b,https://shapenotecds.com/wp-content/uploads/2018/03/2018_03_24GAState16.mp3
28t,https://shapenotecds.com/wp-content/uploads/2018/03/2018_03_24GAState17.mp3
569t,https://shapenotecds.com/wp-content/uploads/2018/03/2018_03_24GAState18.mp3
65,https://shapenotecds.com/wp-content/uploads/2018/03/2018_03_24GAState19.mp3
312b,https://shapenotecds.com/wp-content/uploads/2018/03/2018_03_24GAState20.mp3
222,https://shapenotecds.com/wp-content/uploads/2018/03/2018_03_24GAState21.mp3
344,https://shapenotecds.com/wp-content/uploads/2018/03/2018_03_24GAState22.mp3
337,https://shapenotecds.com/wp-content/uploads/2018/03/2018_03_24GAState23.mp3
198,https://shapenotecds.com/wp-content/uploads/2018/03/2018_03_24GAState24.mp3
182,https://shapenotecds.com/wp-content/uploads/2018/03/2018_03_24GAState25.mp3
383,https://shapenotecds.com/wp-content/uploads/2018/03/2018_03_24GAState26.mp3
454,https://shapenotecds.com/wp-content/uploads/2018/03/2018_03_24GAState27.mp3
286,https://shapenotecds.com/wp-content/uploads/2018/03/2018_03_24GAState28.mp3
192,https://shapenotecds.com/wp-content/uploads/2018/03/2018_03_24GAState29.mp3
273,https://shapenotecds.com/wp-content/uploads/2018/03/2018_03_24GAState30.mp3
223,https://shapenotecds.com/wp-content/uploads/2018/03/2018_03_24GAState31.mp3
349,https://shapenotecds.com/wp-content/uploads/2018/03/2018_03_24GAState32.mp3
64,https://shapenotecds.com/wp-content/uploads/2018/03/2018_03_24GAState33.mp3
166,https://shapenotecds.com/wp-content/uploads/2018/03/2018_03_24GAState34.mp3
163b,https://shapenotecds.com/wp-content/uploads/2018/03/2018_03_24GAState35.mp3
228,https://shapenotecds.com/wp-content/uploads/2018/03/2018_03_24GAState36.mp3
430,https://shapenotecds.com/wp-content/uploads/2018/03/2018_03_24GAState37.mp3
433,https://shapenotecds.com/wp-content/uploads/2018/03/2018_03_24GAState38.mp3
123b,https://shapenotecds.com/wp-content/uploads/2018/03/2018_03_24GAState39.mp3
99,https://shapenotecds.com/wp-content/uploads/2018/03/2018_03_24GAState40.mp3
205,https://shapenotecds.com/wp-content/uploads/2018/03/2018_03_24GAState41.mp3
354t,https://shapenotecds.com/wp-content/uploads/2018/03/2018_03_24GAState42.mp3
111t,https://shapenotecds.com/wp-content/uploads/2018/03/2018_03_24GAState43.mp3
482,https://shapenotecds.com/wp-content/uploads/2018/03/2018_03_24GAState44.mp3
560,https://shapenotecds.com/wp-content/uploads/2018/03/2018_03_24GAState45.mp3
439,https://shapenotecds.com/wp-content/uploads/2018/03/2018_03_24GAState46.mp3
358,https://shapenotecds.com/wp-content/uploads/2018/03/2018_03_24GAState47.mp3
202,https://shapenotecds.com/wp-content/uploads/2018/03/2018_03_24GAState48.mp3
213t,https://shapenotecds.com/wp-content/uploads/2018/03/2018_03_24GAState49.mp3
411,https://shapenotecds.com/wp-content/uploads/2018/03/2018_03_24GAState50.mp3
269,https://shapenotecds.com/wp-content/uploads/2018/03/2018_03_24GAState51.mp3
156,https://shapenotecds.com/wp-content/uploads/2018/03/2018_03_24GAState52.mp3
542,https://shapenotecds.com/wp-content/uploads/2018/03/2018_03_24GAState53.mp3
397,https://shapenotecds.com/wp-content/uploads/2018/03/2018_03_24GAState54.mp3
183,https://shapenotecds.com/wp-content/uploads/2018/03/2018_03_24GAState55.mp3
476,https://shapenotecds.com/wp-content/uploads/2018/03/2018_03_24GAState56.mp3
289,https://shapenotecds.com/wp-content/uploads/2018/03/2018_03_24GAState57.mp3
208,https://shapenotecds.com/wp-content/uploads/2018/03/2018_03_24GAState58.mp3
328,https://shapenotecds.com/wp-content/uploads/2018/03/2018_03_24GAState59.mp3
164,https://shapenotecds.com/wp-content/uploads/2018/03/2018_03_24GAState60.mp3
283,https://shapenotecds.com/wp-content/uploads/2018/03/2018_03_24GAState61.mp3
445,https://shapenotecds.com/wp-content/uploads/2018/03/2018_03_24GAState62.mp3
436,https://shapenotecds.com/wp-content/uploads/2018/03/2018_03_24GAState63.mp3
275b,https://shapenotecds.com/wp-content/uploads/2018/03/2018_03_24GAState64.mp3
145t,https://shapenotecds.com/wp-content/uploads/2018/03/2018_03_24GAState65.mp3
89,https://shapenotecds.com/wp-content/uploads/2018/03/2018_03_24GAState66.mp3
72b,https://shapenotecds.com/wp-content/uploads/2018/03/2018_03_24GAState67.mp3
371,https://shapenotecds.com/wp-content/uploads/2018/03/2018_03_24GAState68.mp3
46,https://shapenotecds.com/wp-content/uploads/2018/03/2018_03_24GAState69.mp3
146,https://shapenotecds.com/wp-content/uploads/2018/03/2018_03_24GAState70.mp3
282,https://shapenotecds.com/wp-content/uploads/2018/03/2018_03_24GAState71.mp3
69b,https://shapenotecds.com/wp-content/uploads/2018/03/2018_03_24GAState72.mp3
517,https://shapenotecds.com/wp-content/uploads/2018/03/2018_03_24GAState73.mp3
260,https://shapenotecds.com/wp-content/uploads/2018/03/2018_03_24GAState74.mp3
147t,https://shapenotecds.com/wp-content/uploads/2018/03/2018_03_24GAState75.mp3
505,https://shapenotecds.com/wp-content/uploads/2018/03/2018_03_24GAState76.mp3
396,https://shapenotecds.com/wp-content/uploads/2018/03/2018_03_24GAState77.mp3
83t,https://shapenotecds.com/wp-content/uploads/2018/03/2018_03_24GAState78.mp3
47t,https://shapenotecds.com/wp-content/uploads/2018/03/2018_03_25GAState01.mp3
499,https://shapenotecds.com/wp-content/uploads/2018/03/2018_03_25GAState02.mp3
393,https://shapenotecds.com/wp-content/uploads/2018/03/2018_03_25GAState03.mp3
112,https://shapenotecds.com/wp-content/uploads/2018/03/2018_03_25GAState04.mp3
144,https://shapenotecds.com/wp-content/uploads/2018/03/2018_03_25GAState05.mp3
82t,https://shapenotecds.com/wp-content/uploads/2018/03/2018_03_25GAState06.mp3
106,https://shapenotecds.com/wp-content/uploads/2018/03/2018_03_25GAState07.mp3
148,https://shapenotecds.com/wp-content/uploads/2018/03/2018_03_25GAState08.mp3
95,https://shapenotecds.com/wp-content/uploads/2018/03/2018_03_25GAState09.mp3
73t,https://shapenotecds.com/wp-content/uploads/2018/03/2018_03_25GAState10.mp3
311,https://shapenotecds.com/wp-content/uploads/2018/03/2018_03_25GAState11.mp3
373,https://shapenotecds.com/wp-content/uploads/2018/03/2018_03_25GAState12.mp3
365,https://shapenotecds.com/wp-content/uploads/2018/03/2018_03_25GAState13.mp3
272,https://shapenotecds.com/wp-content/uploads/2018/03/2018_03_25GAState14.mp3
504,https://shapenotecds.com/wp-content/uploads/2018/03/2018_03_25GAState15.mp3
48t,https://shapenotecds.com/wp-content/uploads/2018/03/2018_03_25GAState16.mp3
118,https://shapenotecds.com/wp-content/uploads/2018/03/2018_03_25GAState17.mp3
149,https://shapenotecds.com/wp-content/uploads/2018/03/2018_03_25GAState18.mp3
36b,https://shapenotecds.com/wp-content/uploads/2018/03/2018_03_25GAState19.mp3
405,https://shapenotecds.com/wp-content/uploads/2018/03/2018_03_25GAState20.mp3
185,https://shapenotecds.com/wp-content/uploads/2018/03/2018_03_25GAState21.mp3
564,https://shapenotecds.com/wp-content/uploads/2018/03/2018_03_25GAState22.mp3
47b,https://shapenotecds.com/wp-content/uploads/2018/03/2018_03_25GAState23.mp3
179,https://shapenotecds.com/wp-content/uploads/2018/03/2018_03_25GAState24.mp3
125,https://shapenotecds.com/wp-content/uploads/2018/03/2018_03_25GAState25.mp3
360,https://shapenotecds.com/wp-content/uploads/2018/03/2018_03_25GAState26.mp3
572,https://shapenotecds.com/wp-content/uploads/2018/03/2018_03_25GAState27.mp3
228,https://shapenotecds.com/wp-content/uploads/2018/03/2018_03_25GAState28.mp3
448b,https://shapenotecds.com/wp-content/uploads/2018/03/2018_03_25GAState29.mp3
214,https://shapenotecds.com/wp-content/uploads/2018/03/2018_03_25GAState30.mp3
117,https://shapenotecds.com/wp-content/uploads/2018/03/2018_03_25GAState31.mp3
467,https://shapenotecds.com/wp-content/uploads/2018/03/2018_03_25GAState32.mp3
168,https://shapenotecds.com/wp-content/uploads/2018/03/2018_03_25GAState33.mp3
475,https://shapenotecds.com/wp-content/uploads/2018/03/2018_03_25GAState34.mp3
452,https://shapenotecds.com/wp-content/uploads/2018/03/2018_03_25GAState35.mp3
318,https://shapenotecds.com/wp-content/uploads/2018/03/2018_03_25GAState36.mp3
172,https://shapenotecds.com/wp-content/uploads/2018/03/2018_03_25GAState37.mp3
217,https://shapenotecds.com/wp-content/uploads/2018/03/2018_03_25GAState38.mp3
485,https://shapenotecds.com/wp-content/uploads/2018/03/2018_03_25GAState39.mp3
32b,https://shapenotecds.com/wp-content/uploads/2018/03/2018_03_25GAState40.mp3
434,https://shapenotecds.com/wp-content/uploads/2018/03/2018_03_25GAState41.mp3
354b,https://shapenotecds.com/wp-content/uploads/2018/03/2018_03_25GAState42.mp3
273,https://shapenotecds.com/wp-content/uploads/2018/03/2018_03_25GAState43.mp3
87,https://shapenotecds.com/wp-content/uploads/2018/03/2018_03_25GAState44.mp3
37b,https://shapenotecds.com/wp-content/uploads/2018/03/2018_03_25GAState45.mp3
297,https://shapenotecds.com/wp-content/uploads/2018/03/2018_03_25GAState46.mp3
392,https://shapenotecds.com/wp-content/uploads/2018/03/2018_03_25GAState47.mp3
209,https://shapenotecds.com/wp-content/uploads/2018/03/2018_03_25GAState48.mp3
75,https://shapenotecds.com/wp-content/uploads/2018/03/2018_03_25GAState49.mp3
216,https://shapenotecds.com/wp-content/uploads/2018/03/2018_03_25GAState50.mp3
302,https://shapenotecds.com/wp-content/uploads/2018/03/2018_03_25GAState51.mp3
333,https://shapenotecds.com/wp-content/uploads/2018/03/2018_03_25GAState52.mp3
107,https://shapenotecds.com/wp-content/uploads/2018/03/2018_03_25GAState53.mp3
212,https://shapenotecds.com/wp-content/uploads/2018/03/2018_03_25GAState54.mp3
403,https://shapenotecds.com/wp-content/uploads/2018/03/2018_03_25GAState55.mp3
55,https://shapenotecds.com/wp-content/uploads/2018/03/2018_03_25GAState56.mp3
197,https://shapenotecds.com/wp-content/uploads/2018/03/2018_03_25GAState57.mp3
196,https://shapenotecds.com/wp-content/uploads/2018/03/2018_03_25GAState58.mp3
231,https://shapenotecds.com/wp-content/uploads/2018/03/2018_03_25GAState59.mp3
129,https://shapenotecds.com/wp-content/uploads/2018/03/2018_03_25GAState60.mp3
191,https://shapenotecds.com/wp-content/uploads/2018/03/2018_03_25GAState61.mp3
316,https://shapenotecds.com/wp-content/uploads/2018/03/2018_03_25GAState62.mp3
204,https://shapenotecds.com/wp-content/uploads/2018/03/2018_03_25GAState63.mp3
362,https://shapenotecds.com/wp-content/uploads/2018/03/2018_03_25GAState64.mp3
236,https://shapenotecds.com/wp-content/uploads/2018/03/2018_03_25GAState65.mp3
426b,https://shapenotecds.com/wp-content/uploads/2018/03/2018_03_25GAState66.mp3
500,https://shapenotecds.com/wp-content/uploads/2018/03/2018_03_25GAState67.mp3
113,https://shapenotecds.com/wp-content/uploads/2018/03/2018_03_25GAState68.mp3
384,https://shapenotecds.com/wp-content/uploads/2018/03/2018_03_25GAState69.mp3
224,https://shapenotecds.com/wp-content/uploads/2018/03/2018_03_25GAState70.mp3
183,https://shapenotecds.com/wp-content/uploads/2018/03/2018_03_25GAState71.mp3
30b,https://shapenotecds.com/wp-content/uploads/2018/03/2018_03_25GAState72.mp3
62,https://shapenotecds.com/wp-content/uploads/2018/03/2018_03_25GAState73.mp3
