31b,https://shapenotecds.com/wp-content/uploads/2013/09/2014_07_05HenagarUnion_001.mp3
111t,https://shapenotecds.com/wp-content/uploads/2013/09/2014_07_05HenagarUnion_002.mp3
77t,https://shapenotecds.com/wp-content/uploads/2013/09/2014_07_05HenagarUnion_003.mp3
460,https://shapenotecds.com/wp-content/uploads/2013/09/2014_07_05HenagarUnion_004.mp3
47t,https://shapenotecds.com/wp-content/uploads/2013/09/2014_07_05HenagarUnion_005.mp3
283,https://shapenotecds.com/wp-content/uploads/2013/09/2014_07_05HenagarUnion_006.mp3
78,https://shapenotecds.com/wp-content/uploads/2013/09/2014_07_05HenagarUnion_007.mp3
168,https://shapenotecds.com/wp-content/uploads/2013/09/2014_07_05HenagarUnion_008.mp3
29t,https://shapenotecds.com/wp-content/uploads/2013/09/2014_07_05HenagarUnion_009.mp3
429,https://shapenotecds.com/wp-content/uploads/2013/09/2014_07_05HenagarUnion_010.mp3
358,https://shapenotecds.com/wp-content/uploads/2013/09/2014_07_05HenagarUnion_011.mp3
129,https://shapenotecds.com/wp-content/uploads/2013/09/2014_07_05HenagarUnion_012.mp3
318,https://shapenotecds.com/wp-content/uploads/2013/09/2014_07_05HenagarUnion_013.mp3
331,https://shapenotecds.com/wp-content/uploads/2013/09/2014_07_05HenagarUnion_014.mp3
436,https://shapenotecds.com/wp-content/uploads/2013/09/2014_07_05HenagarUnion_015.mp3
504,https://shapenotecds.com/wp-content/uploads/2013/09/2014_07_05HenagarUnion_016.mp3
171,https://shapenotecds.com/wp-content/uploads/2013/09/2014_07_05HenagarUnion_017.mp3
403,https://shapenotecds.com/wp-content/uploads/2013/09/2014_07_05HenagarUnion_018.mp3
304,https://shapenotecds.com/wp-content/uploads/2013/09/2014_07_05HenagarUnion_019.mp3
198,https://shapenotecds.com/wp-content/uploads/2013/09/2014_07_05HenagarUnion_020.mp3
493,https://shapenotecds.com/wp-content/uploads/2013/09/2014_07_05HenagarUnion_021.mp3
497,https://shapenotecds.com/wp-content/uploads/2013/09/2014_07_05HenagarUnion_022.mp3
392,https://shapenotecds.com/wp-content/uploads/2013/09/2014_07_05HenagarUnion_023.mp3
344,https://shapenotecds.com/wp-content/uploads/2013/09/2014_07_05HenagarUnion_024.mp3
421,https://shapenotecds.com/wp-content/uploads/2013/09/2014_07_05HenagarUnion_025.mp3
349,https://shapenotecds.com/wp-content/uploads/2013/09/2014_07_05HenagarUnion_026.mp3
87,https://shapenotecds.com/wp-content/uploads/2013/09/2014_07_05HenagarUnion_027.mp3
178,https://shapenotecds.com/wp-content/uploads/2013/09/2014_07_05HenagarUnion_028.mp3
146,https://shapenotecds.com/wp-content/uploads/2013/09/2014_07_05HenagarUnion_029.mp3
86,https://shapenotecds.com/wp-content/uploads/2013/09/2014_07_05HenagarUnion_030.mp3
40,https://shapenotecds.com/wp-content/uploads/2013/09/2014_07_05HenagarUnion_031.mp3
142,https://shapenotecds.com/wp-content/uploads/2013/09/2014_07_05HenagarUnion_032.mp3
496,https://shapenotecds.com/wp-content/uploads/2013/09/2014_07_05HenagarUnion_033.mp3
84,https://shapenotecds.com/wp-content/uploads/2013/09/2014_07_05HenagarUnion_034.mp3
65,https://shapenotecds.com/wp-content/uploads/2013/09/2014_07_05HenagarUnion_035.mp3
345t,https://shapenotecds.com/wp-content/uploads/2013/09/2014_07_05HenagarUnion_036.mp3
354b,https://shapenotecds.com/wp-content/uploads/2013/09/2014_07_05HenagarUnion_037.mp3
395,https://shapenotecds.com/wp-content/uploads/2013/09/2014_07_05HenagarUnion_038.mp3
76b,https://shapenotecds.com/wp-content/uploads/2013/09/2014_07_05HenagarUnion_039.mp3
454,https://shapenotecds.com/wp-content/uploads/2013/09/2014_07_05HenagarUnion_040.mp3
327,https://shapenotecds.com/wp-content/uploads/2013/09/2014_07_05HenagarUnion_041.mp3
380,https://shapenotecds.com/wp-content/uploads/2013/09/2014_07_05HenagarUnion_042.mp3
377,https://shapenotecds.com/wp-content/uploads/2013/09/2014_07_05HenagarUnion_043.mp3
376,https://shapenotecds.com/wp-content/uploads/2013/09/2014_07_05HenagarUnion_044.mp3
43,https://shapenotecds.com/wp-content/uploads/2013/09/2014_07_05HenagarUnion_045.mp3
503,https://shapenotecds.com/wp-content/uploads/2013/09/2014_07_05HenagarUnion_046.mp3
475,https://shapenotecds.com/wp-content/uploads/2013/09/2014_07_05HenagarUnion_047.mp3
36b,https://shapenotecds.com/wp-content/uploads/2013/09/2014_07_05HenagarUnion_048.mp3
569t,https://shapenotecds.com/wp-content/uploads/2013/09/2014_07_05HenagarUnion_049.mp3
59,https://shapenotecds.com/wp-content/uploads/2013/09/2014_07_05HenagarUnion_050.mp3
373,https://shapenotecds.com/wp-content/uploads/2013/09/2014_07_05HenagarUnion_051.mp3
291,https://shapenotecds.com/wp-content/uploads/2013/09/2014_07_05HenagarUnion_052.mp3
282,https://shapenotecds.com/wp-content/uploads/2013/09/2014_07_05HenagarUnion_053.mp3
81b,https://shapenotecds.com/wp-content/uploads/2013/09/2014_07_05HenagarUnion_054.mp3
442,https://shapenotecds.com/wp-content/uploads/2013/09/2014_07_05HenagarUnion_055.mp3
440,https://shapenotecds.com/wp-content/uploads/2013/09/2014_07_05HenagarUnion_056.mp3
242 shapes,https://shapenotecds.com/wp-content/uploads/2013/09/2014_07_05HenagarUnion_057.mp3
242,https://shapenotecds.com/wp-content/uploads/2013/09/2014_07_05HenagarUnion_058.mp3
108b,https://shapenotecds.com/wp-content/uploads/2013/09/2014_07_05HenagarUnion_059.mp3
417,https://shapenotecds.com/wp-content/uploads/2013/09/2014_07_05HenagarUnion_060.mp3
81t,https://shapenotecds.com/wp-content/uploads/2013/09/2014_07_05HenagarUnion_061.mp3
276,https://shapenotecds.com/wp-content/uploads/2013/09/2014_07_05HenagarUnion_062.mp3
273,https://shapenotecds.com/wp-content/uploads/2013/09/2014_07_05HenagarUnion_063.mp3
274t,https://shapenotecds.com/wp-content/uploads/2013/09/2014_07_05HenagarUnion_064.mp3
144,https://shapenotecds.com/wp-content/uploads/2013/09/2014_07_05HenagarUnion_065.mp3
182,https://shapenotecds.com/wp-content/uploads/2013/09/2014_07_05HenagarUnion_066.mp3
426t,https://shapenotecds.com/wp-content/uploads/2013/09/2014_07_05HenagarUnion_067.mp3
111b,https://shapenotecds.com/wp-content/uploads/2013/09/2014_07_05HenagarUnion_068.mp3
133,https://shapenotecds.com/wp-content/uploads/2013/09/2014_07_05HenagarUnion_069.mp3
546,https://shapenotecds.com/wp-content/uploads/2013/09/2014_07_05HenagarUnion_070.mp3
455,https://shapenotecds.com/wp-content/uploads/2013/09/2014_07_05HenagarUnion_071.mp3
187,https://shapenotecds.com/wp-content/uploads/2013/09/2014_07_05HenagarUnion_072.mp3
160b,https://shapenotecds.com/wp-content/uploads/2013/09/2014_07_05HenagarUnion_073.mp3
445,https://shapenotecds.com/wp-content/uploads/2013/09/2014_07_05HenagarUnion_074.mp3
355,https://shapenotecds.com/wp-content/uploads/2013/09/2014_07_05HenagarUnion_075.mp3
340,https://shapenotecds.com/wp-content/uploads/2013/09/2014_07_05HenagarUnion_076.mp3
506,https://shapenotecds.com/wp-content/uploads/2013/09/2014_07_05HenagarUnion_077.mp3
542,https://shapenotecds.com/wp-content/uploads/2013/09/2014_07_05HenagarUnion_078.mp3
203,https://shapenotecds.com/wp-content/uploads/2013/09/2014_07_05HenagarUnion_079.mp3
37b,https://shapenotecds.com/wp-content/uploads/2013/09/2014_07_05HenagarUnion_080.mp3
396,https://shapenotecds.com/wp-content/uploads/2013/09/2014_07_05HenagarUnion_081.mp3
145t,https://shapenotecds.com/wp-content/uploads/2013/09/2014_07_05HenagarUnion_082.mp3
507,https://shapenotecds.com/wp-content/uploads/2013/09/2014_07_05HenagarUnion_083.mp3
434,https://shapenotecds.com/wp-content/uploads/2013/09/2014_07_05HenagarUnion_084.mp3
67,https://shapenotecds.com/wp-content/uploads/2013/09/2014_07_05HenagarUnion_085.mp3
419,https://shapenotecds.com/wp-content/uploads/2013/09/2014_07_05HenagarUnion_086.mp3
112,https://shapenotecds.com/wp-content/uploads/2013/09/2014_07_05HenagarUnion_087.mp3
191,https://shapenotecds.com/wp-content/uploads/2013/09/2014_07_05HenagarUnion_088.mp3
189,https://shapenotecds.com/wp-content/uploads/2013/09/2014_07_05HenagarUnion_089.mp3
426b,https://shapenotecds.com/wp-content/uploads/2013/09/2014_07_05HenagarUnion_090.mp3
383,https://shapenotecds.com/wp-content/uploads/2013/09/2014_07_05HenagarUnion_091.mp3
430,https://shapenotecds.com/wp-content/uploads/2013/09/2014_07_05HenagarUnion_092.mp3
431,https://shapenotecds.com/wp-content/uploads/2013/09/2014_07_05HenagarUnion_093.mp3
217,https://shapenotecds.com/wp-content/uploads/2013/09/2014_07_05HenagarUnion_094.mp3
272,https://shapenotecds.com/wp-content/uploads/2013/09/2014_07_05HenagarUnion_095.mp3
42,https://shapenotecds.com/wp-content/uploads/2013/09/2014_07_05HenagarUnion_096.mp3
500,https://shapenotecds.com/wp-content/uploads/2013/09/2014_07_05HenagarUnion_097.mp3
422,https://shapenotecds.com/wp-content/uploads/2013/09/2014_07_05HenagarUnion_098.mp3
505,https://shapenotecds.com/wp-content/uploads/2013/09/2014_07_05HenagarUnion_099.mp3
201,https://shapenotecds.com/wp-content/uploads/2013/09/2014_07_05HenagarUnion_100.mp3
437,https://shapenotecds.com/wp-content/uploads/2013/09/2014_07_05HenagarUnion_101.mp3
418,https://shapenotecds.com/wp-content/uploads/2013/09/2014_07_05HenagarUnion_102.mp3
564,https://shapenotecds.com/wp-content/uploads/2013/09/2014_07_05HenagarUnion_103.mp3
321,https://shapenotecds.com/wp-content/uploads/2013/09/2014_07_05HenagarUnion_104.mp3
110,https://shapenotecds.com/wp-content/uploads/2013/09/2014_07_05HenagarUnion_105.mp3
268,https://shapenotecds.com/wp-content/uploads/2013/09/2014_07_05HenagarUnion_106.mp3
275b,https://shapenotecds.com/wp-content/uploads/2013/09/2014_07_05HenagarUnion_107.mp3
343,https://shapenotecds.com/wp-content/uploads/2013/09/2014_07_05HenagarUnion_108.mp3
216,https://shapenotecds.com/wp-content/uploads/2013/09/2014_07_05HenagarUnion_109.mp3
136,https://shapenotecds.com/wp-content/uploads/2013/09/2014_07_05HenagarUnion_110.mp3
47b,https://shapenotecds.com/wp-content/uploads/2013/09/2014_07_05HenagarUnion_111.mp3
56t,https://shapenotecds.com/wp-content/uploads/2013/09/2014_07_05HenagarUnion_112.mp3
82t,https://shapenotecds.com/wp-content/uploads/2013/09/2014_07_06HenagarUnion_01.mp3
176t,https://shapenotecds.com/wp-content/uploads/2013/09/2014_07_06HenagarUnion_02.mp3
101t,https://shapenotecds.com/wp-content/uploads/2013/09/2014_07_06HenagarUnion_03.mp3
426t,https://shapenotecds.com/wp-content/uploads/2013/09/2014_07_06HenagarUnion_04.mp3
97,https://shapenotecds.com/wp-content/uploads/2013/09/2014_07_06HenagarUnion_05.mp3
187,https://shapenotecds.com/wp-content/uploads/2013/09/2014_07_06HenagarUnion_06.mp3
299,https://shapenotecds.com/wp-content/uploads/2013/09/2014_07_06HenagarUnion_07.mp3
139,https://shapenotecds.com/wp-content/uploads/2013/09/2014_07_06HenagarUnion_08.mp3
148,https://shapenotecds.com/wp-content/uploads/2013/09/2014_07_06HenagarUnion_09.mp3
89,https://shapenotecds.com/wp-content/uploads/2013/09/2014_07_06HenagarUnion_10.mp3
455,https://shapenotecds.com/wp-content/uploads/2013/09/2014_07_06HenagarUnion_11.mp3
460,https://shapenotecds.com/wp-content/uploads/2013/09/2014_07_06HenagarUnion_12.mp3
35,https://shapenotecds.com/wp-content/uploads/2013/09/2014_07_06HenagarUnion_13.mp3
283,https://shapenotecds.com/wp-content/uploads/2013/09/2014_07_06HenagarUnion_14.mp3
426b,https://shapenotecds.com/wp-content/uploads/2013/09/2014_07_06HenagarUnion_15.mp3
367,https://shapenotecds.com/wp-content/uploads/2013/09/2014_07_06HenagarUnion_16.mp3
173,https://shapenotecds.com/wp-content/uploads/2013/09/2014_07_06HenagarUnion_17.mp3
36b,https://shapenotecds.com/wp-content/uploads/2013/09/2014_07_06HenagarUnion_18.mp3
Fire Alarm,https://shapenotecds.com/wp-content/uploads/2013/09/2014_07_06HenagarUnion_19.mp3
59,https://shapenotecds.com/wp-content/uploads/2013/09/2014_07_06HenagarUnion_20.mp3
289,https://shapenotecds.com/wp-content/uploads/2013/09/2014_07_06HenagarUnion_21.mp3
42,https://shapenotecds.com/wp-content/uploads/2013/09/2014_07_06HenagarUnion_22.mp3
546,https://shapenotecds.com/wp-content/uploads/2013/09/2014_07_06HenagarUnion_23.mp3
277,https://shapenotecds.com/wp-content/uploads/2013/09/2014_07_06HenagarUnion_24.mp3
341,https://shapenotecds.com/wp-content/uploads/2013/09/2014_07_06HenagarUnion_25.mp3
171,https://shapenotecds.com/wp-content/uploads/2013/09/2014_07_06HenagarUnion_26.mp3
472,https://shapenotecds.com/wp-content/uploads/2013/09/2014_07_06HenagarUnion_27.mp3
270,https://shapenotecds.com/wp-content/uploads/2013/09/2014_07_06HenagarUnion_28.mp3
528,https://shapenotecds.com/wp-content/uploads/2013/09/2014_07_06HenagarUnion_29.mp3
313b,https://shapenotecds.com/wp-content/uploads/2013/09/2014_07_06HenagarUnion_30.mp3
225t,https://shapenotecds.com/wp-content/uploads/2013/09/2014_07_06HenagarUnion_31.mp3
481,https://shapenotecds.com/wp-content/uploads/2013/09/2014_07_06HenagarUnion_32.mp3
39t,https://shapenotecds.com/wp-content/uploads/2013/09/2014_07_06HenagarUnion_33.mp3
338,https://shapenotecds.com/wp-content/uploads/2013/09/2014_07_06HenagarUnion_34.mp3
181,https://shapenotecds.com/wp-content/uploads/2013/09/2014_07_06HenagarUnion_35.mp3
534,https://shapenotecds.com/wp-content/uploads/2013/09/2014_07_06HenagarUnion_36.mp3
400,https://shapenotecds.com/wp-content/uploads/2013/09/2014_07_06HenagarUnion_37.mp3
31t,https://shapenotecds.com/wp-content/uploads/2013/09/2014_07_06HenagarUnion_38.mp3
131t,https://shapenotecds.com/wp-content/uploads/2013/09/2014_07_06HenagarUnion_39.mp3
319,https://shapenotecds.com/wp-content/uploads/2013/09/2014_07_06HenagarUnion_40.mp3
378b,https://shapenotecds.com/wp-content/uploads/2013/09/2014_07_06HenagarUnion_41.mp3
107,https://shapenotecds.com/wp-content/uploads/2013/09/2014_07_06HenagarUnion_42.mp3
564,https://shapenotecds.com/wp-content/uploads/2013/09/2014_07_06HenagarUnion_44.mp3
39b,https://shapenotecds.com/wp-content/uploads/2013/09/2014_07_06HenagarUnion_45.mp3
521,https://shapenotecds.com/wp-content/uploads/2013/09/2014_07_06HenagarUnion_47.mp3
424,https://shapenotecds.com/wp-content/uploads/2013/09/2014_07_06HenagarUnion_48.mp3
369,https://shapenotecds.com/wp-content/uploads/2013/09/2014_07_06HenagarUnion_49.mp3
441,https://shapenotecds.com/wp-content/uploads/2013/09/2014_07_06HenagarUnion_50.mp3
354t,https://shapenotecds.com/wp-content/uploads/2013/09/2014_07_06HenagarUnion_51.mp3
47t,https://shapenotecds.com/wp-content/uploads/2013/09/2014_07_06HenagarUnion_52.mp3
285t,https://shapenotecds.com/wp-content/uploads/2013/09/2014_07_06HenagarUnion_53.mp3
313t,https://shapenotecds.com/wp-content/uploads/2013/09/2014_07_06HenagarUnion_54.mp3
457,https://shapenotecds.com/wp-content/uploads/2013/09/2014_07_06HenagarUnion_55.mp3
99,https://shapenotecds.com/wp-content/uploads/2013/09/2014_07_06HenagarUnion_56.mp3
56b,https://shapenotecds.com/wp-content/uploads/2013/09/2014_07_06HenagarUnion_57.mp3
84,https://shapenotecds.com/wp-content/uploads/2013/09/2014_07_06HenagarUnion_58.mp3
192,https://shapenotecds.com/wp-content/uploads/2013/09/2014_07_06HenagarUnion_59.mp3
300,https://shapenotecds.com/wp-content/uploads/2013/09/2014_07_06HenagarUnion_60.mp3
411,https://shapenotecds.com/wp-content/uploads/2013/09/2014_07_06HenagarUnion_61.mp3
522,https://shapenotecds.com/wp-content/uploads/2013/09/2014_07_06HenagarUnion_62.mp3
384,https://shapenotecds.com/wp-content/uploads/2013/09/2014_07_06HenagarUnion_63.mp3
318,https://shapenotecds.com/wp-content/uploads/2013/09/2014_07_06HenagarUnion_64.mp3
503,https://shapenotecds.com/wp-content/uploads/2013/09/2014_07_06HenagarUnion_65.mp3
46,https://shapenotecds.com/wp-content/uploads/2013/09/2014_07_06HenagarUnion_66.mp3
32t,https://shapenotecds.com/wp-content/uploads/2013/09/2014_07_06HenagarUnion_67.mp3
73t,https://shapenotecds.com/wp-content/uploads/2013/09/2014_07_06HenagarUnion_68.mp3
383,https://shapenotecds.com/wp-content/uploads/2013/09/2014_07_06HenagarUnion_69.mp3
497,https://shapenotecds.com/wp-content/uploads/2013/09/2014_07_06HenagarUnion_70.mp3
127,https://shapenotecds.com/wp-content/uploads/2013/09/2014_07_06HenagarUnion_71.mp3
434,https://shapenotecds.com/wp-content/uploads/2013/09/2014_07_06HenagarUnion_72.mp3
163t,https://shapenotecds.com/wp-content/uploads/2013/09/2014_07_06HenagarUnion_73.mp3
Trusting,https://shapenotecds.com/wp-content/uploads/2013/09/2014_07_06HenagarUnion_74.mp3
106,https://shapenotecds.com/wp-content/uploads/2013/09/2014_07_06HenagarUnion_75.mp3
212,https://shapenotecds.com/wp-content/uploads/2013/09/2014_07_06HenagarUnion_76.mp3
189,https://shapenotecds.com/wp-content/uploads/2013/09/2014_07_06HenagarUnion_77.mp3
436,https://shapenotecds.com/wp-content/uploads/2013/09/2014_07_06HenagarUnion_78.mp3
30b,https://shapenotecds.com/wp-content/uploads/2013/09/2014_07_06HenagarUnion_79.mp3
269,https://shapenotecds.com/wp-content/uploads/2013/09/2014_07_06HenagarUnion_80.mp3
183,https://shapenotecds.com/wp-content/uploads/2013/09/2014_07_06HenagarUnion_81.mp3
125,https://shapenotecds.com/wp-content/uploads/2013/09/2014_07_06HenagarUnion_82.mp3
358,https://shapenotecds.com/wp-content/uploads/2013/09/2014_07_06HenagarUnion_83.mp3
421,https://shapenotecds.com/wp-content/uploads/2013/09/2014_07_06HenagarUnion_84.mp3
317,https://shapenotecds.com/wp-content/uploads/2013/09/2014_07_06HenagarUnion_85.mp3
29t,https://shapenotecds.com/wp-content/uploads/2013/09/2014_07_06HenagarUnion_86.mp3
95,https://shapenotecds.com/wp-content/uploads/2013/09/2014_07_06HenagarUnion_87.mp3
129,https://shapenotecds.com/wp-content/uploads/2013/09/2014_07_06HenagarUnion_88.mp3
222,https://shapenotecds.com/wp-content/uploads/2013/09/2014_07_06HenagarUnion_89.mp3
280,https://shapenotecds.com/wp-content/uploads/2013/09/2014_07_06HenagarUnion_90.mp3
112,https://shapenotecds.com/wp-content/uploads/2013/09/2014_07_06HenagarUnion_91.mp3
290,https://shapenotecds.com/wp-content/uploads/2013/09/2014_07_06HenagarUnion_92.mp3
540,https://shapenotecds.com/wp-content/uploads/2013/09/2014_07_06HenagarUnion_93.mp3
512,https://shapenotecds.com/wp-content/uploads/2013/09/2014_07_06HenagarUnion_94.mp3
72b,https://shapenotecds.com/wp-content/uploads/2013/09/2014_07_06HenagarUnion_95.mp3
146,https://shapenotecds.com/wp-content/uploads/2013/09/2014_07_06HenagarUnion_96.mp3
