36b,http://www.shapenotecds.com/wp-content/uploads/2015/07/7_04_15HenagarUnion001.mp3
138t,http://www.shapenotecds.com/wp-content/uploads/2015/07/7_04_15HenagarUnion002.mp3
100,http://www.shapenotecds.com/wp-content/uploads/2015/07/7_04_15HenagarUnion003.mp3
30t,http://www.shapenotecds.com/wp-content/uploads/2015/07/7_04_15HenagarUnion004.mp3
270,http://www.shapenotecds.com/wp-content/uploads/2015/07/7_04_15HenagarUnion005.mp3
535,http://www.shapenotecds.com/wp-content/uploads/2015/07/7_04_15HenagarUnion006.mp3
67,http://www.shapenotecds.com/wp-content/uploads/2015/07/7_04_15HenagarUnion007.mp3
358,http://www.shapenotecds.com/wp-content/uploads/2015/07/7_04_15HenagarUnion008.mp3
137,http://www.shapenotecds.com/wp-content/uploads/2015/07/7_04_15HenagarUnion009.mp3
460,http://www.shapenotecds.com/wp-content/uploads/2015/07/7_04_15HenagarUnion010.mp3
225t,http://www.shapenotecds.com/wp-content/uploads/2015/07/7_04_15HenagarUnion011.mp3
505,http://www.shapenotecds.com/wp-content/uploads/2015/07/7_04_15HenagarUnion012.mp3
47t,http://www.shapenotecds.com/wp-content/uploads/2015/07/7_04_15HenagarUnion013.mp3
416,http://www.shapenotecds.com/wp-content/uploads/2015/07/7_04_15HenagarUnion014.mp3
477,http://www.shapenotecds.com/wp-content/uploads/2015/07/7_04_15HenagarUnion015.mp3
120,http://www.shapenotecds.com/wp-content/uploads/2015/07/7_04_15HenagarUnion016.mp3
297,http://www.shapenotecds.com/wp-content/uploads/2015/07/7_04_15HenagarUnion017.mp3
192,http://www.shapenotecds.com/wp-content/uploads/2015/07/7_04_15HenagarUnion018.mp3
426b,http://www.shapenotecds.com/wp-content/uploads/2015/07/7_04_15HenagarUnion019.mp3
144,http://www.shapenotecds.com/wp-content/uploads/2015/07/7_04_15HenagarUnion020.mp3
565,http://www.shapenotecds.com/wp-content/uploads/2015/07/7_04_15HenagarUnion021.mp3
299,http://www.shapenotecds.com/wp-content/uploads/2015/07/7_04_15HenagarUnion022.mp3
50t,http://www.shapenotecds.com/wp-content/uploads/2015/07/7_04_15HenagarUnion023.mp3
410b,http://www.shapenotecds.com/wp-content/uploads/2015/07/7_04_15HenagarUnion024.mp3
111t,http://www.shapenotecds.com/wp-content/uploads/2015/07/7_04_15HenagarUnion025.mp3
171,http://www.shapenotecds.com/wp-content/uploads/2015/07/7_04_15HenagarUnion026.mp3
146,http://www.shapenotecds.com/wp-content/uploads/2015/07/7_04_15HenagarUnion027.mp3
228,http://www.shapenotecds.com/wp-content/uploads/2015/07/7_04_15HenagarUnion028.mp3
73t,http://www.shapenotecds.com/wp-content/uploads/2015/07/7_04_15HenagarUnion029.mp3
269,http://www.shapenotecds.com/wp-content/uploads/2015/07/7_04_15HenagarUnion030.mp3
196,http://www.shapenotecds.com/wp-content/uploads/2015/07/7_04_15HenagarUnion031.mp3
84,http://www.shapenotecds.com/wp-content/uploads/2015/07/7_04_15HenagarUnion032.mp3
481,http://www.shapenotecds.com/wp-content/uploads/2015/07/7_04_15HenagarUnion033.mp3
448t,http://www.shapenotecds.com/wp-content/uploads/2015/07/7_04_15HenagarUnion034.mp3
98,http://www.shapenotecds.com/wp-content/uploads/2015/07/7_04_15HenagarUnion035.mp3
168,http://www.shapenotecds.com/wp-content/uploads/2015/07/7_04_15HenagarUnion036.mp3
163b,http://www.shapenotecds.com/wp-content/uploads/2015/07/7_04_15HenagarUnion037.mp3
166,http://www.shapenotecds.com/wp-content/uploads/2015/07/7_04_15HenagarUnion038.mp3
454,http://www.shapenotecds.com/wp-content/uploads/2015/07/7_04_15HenagarUnion039.mp3
542,http://www.shapenotecds.com/wp-content/uploads/2015/07/7_04_15HenagarUnion040.mp3
182,http://www.shapenotecds.com/wp-content/uploads/2015/07/7_04_15HenagarUnion041.mp3
163t,http://www.shapenotecds.com/wp-content/uploads/2015/07/7_04_15HenagarUnion042.mp3
214,http://www.shapenotecds.com/wp-content/uploads/2015/07/7_04_15HenagarUnion043.mp3
112,http://www.shapenotecds.com/wp-content/uploads/2015/07/7_04_15HenagarUnion044.mp3
217,http://www.shapenotecds.com/wp-content/uploads/2015/07/7_04_15HenagarUnion045.mp3
148,http://www.shapenotecds.com/wp-content/uploads/2015/07/7_04_15HenagarUnion046.mp3
187,http://www.shapenotecds.com/wp-content/uploads/2015/07/7_04_15HenagarUnion047.mp3
320,http://www.shapenotecds.com/wp-content/uploads/2015/07/7_04_15HenagarUnion048.mp3
346,http://www.shapenotecds.com/wp-content/uploads/2015/07/7_04_15HenagarUnion049.mp3
97,http://www.shapenotecds.com/wp-content/uploads/2015/07/7_04_15HenagarUnion050.mp3
30b,http://www.shapenotecds.com/wp-content/uploads/2015/07/7_04_15HenagarUnion051.mp3
445,http://www.shapenotecds.com/wp-content/uploads/2015/07/7_04_15HenagarUnion052.mp3
304,http://www.shapenotecds.com/wp-content/uploads/2015/07/7_04_15HenagarUnion053.mp3
498,http://www.shapenotecds.com/wp-content/uploads/2015/07/7_04_15HenagarUnion054.mp3
430,http://www.shapenotecds.com/wp-content/uploads/2015/07/7_04_15HenagarUnion055.mp3
440,http://www.shapenotecds.com/wp-content/uploads/2015/07/7_04_15HenagarUnion056.mp3
411,http://www.shapenotecds.com/wp-content/uploads/2015/07/7_04_15HenagarUnion057.mp3
234,http://www.shapenotecds.com/wp-content/uploads/2015/07/7_04_15HenagarUnion058.mp3
500,http://www.shapenotecds.com/wp-content/uploads/2015/07/7_04_15HenagarUnion059.mp3
316,http://www.shapenotecds.com/wp-content/uploads/2015/07/7_04_15HenagarUnion060.mp3
208,http://www.shapenotecds.com/wp-content/uploads/2015/07/7_04_15HenagarUnion061.mp3
186,http://www.shapenotecds.com/wp-content/uploads/2015/07/7_04_15HenagarUnion062.mp3
428,http://www.shapenotecds.com/wp-content/uploads/2015/07/7_04_15HenagarUnion063.mp3
302,http://www.shapenotecds.com/wp-content/uploads/2015/07/7_04_15HenagarUnion064.mp3
298,http://www.shapenotecds.com/wp-content/uploads/2015/07/7_04_15HenagarUnion065.mp3
534,http://www.shapenotecds.com/wp-content/uploads/2015/07/7_04_15HenagarUnion066.mp3
49b,http://www.shapenotecds.com/wp-content/uploads/2015/07/7_04_15HenagarUnion067.mp3
327,http://www.shapenotecds.com/wp-content/uploads/2015/07/7_04_15HenagarUnion068.mp3
522,http://www.shapenotecds.com/wp-content/uploads/2015/07/7_04_15HenagarUnion069.mp3
368,http://www.shapenotecds.com/wp-content/uploads/2015/07/7_04_15HenagarUnion070.mp3
142,http://www.shapenotecds.com/wp-content/uploads/2015/07/7_04_15HenagarUnion071.mp3
475,http://www.shapenotecds.com/wp-content/uploads/2015/07/7_04_15HenagarUnion072.mp3
101t,http://www.shapenotecds.com/wp-content/uploads/2015/07/7_04_15HenagarUnion073.mp3
77t,http://www.shapenotecds.com/wp-content/uploads/2015/07/7_04_15HenagarUnion074.mp3
47b,http://www.shapenotecds.com/wp-content/uploads/2015/07/7_04_15HenagarUnion075.mp3
399b,http://www.shapenotecds.com/wp-content/uploads/2015/07/7_04_15HenagarUnion076.mp3
70b,http://www.shapenotecds.com/wp-content/uploads/2015/07/7_04_15HenagarUnion077.mp3
43,http://www.shapenotecds.com/wp-content/uploads/2015/07/7_04_15HenagarUnion078.mp3
56b,http://www.shapenotecds.com/wp-content/uploads/2015/07/7_04_15HenagarUnion079.mp3
353,http://www.shapenotecds.com/wp-content/uploads/2015/07/7_04_15HenagarUnion080.mp3
395,http://www.shapenotecds.com/wp-content/uploads/2015/07/7_04_15HenagarUnion081.mp3
446,http://www.shapenotecds.com/wp-content/uploads/2015/07/7_04_15HenagarUnion082.mp3
277,http://www.shapenotecds.com/wp-content/uploads/2015/07/7_04_15HenagarUnion083.mp3
564,http://www.shapenotecds.com/wp-content/uploads/2015/07/7_04_15HenagarUnion084.mp3
63,http://www.shapenotecds.com/wp-content/uploads/2015/07/7_04_15HenagarUnion085.mp3
521,http://www.shapenotecds.com/wp-content/uploads/2015/07/7_04_15HenagarUnion086.mp3
82t,http://www.shapenotecds.com/wp-content/uploads/2015/07/7_05_15HenagarUnion001.mp3
48t,http://www.shapenotecds.com/wp-content/uploads/2015/07/7_05_15HenagarUnion002.mp3
76b,http://www.shapenotecds.com/wp-content/uploads/2015/07/7_05_15HenagarUnion003.mp3
45t,http://www.shapenotecds.com/wp-content/uploads/2015/07/7_05_15HenagarUnion004.mp3
There is a Fountain,http://www.shapenotecds.com/wp-content/uploads/2015/07/7_05_15HenagarUnion005.mp3
512,http://www.shapenotecds.com/wp-content/uploads/2015/07/7_05_15HenagarUnion006.mp3
472,http://www.shapenotecds.com/wp-content/uploads/2015/07/7_05_15HenagarUnion007.mp3
74b,http://www.shapenotecds.com/wp-content/uploads/2015/07/7_05_15HenagarUnion008.mp3
504,http://www.shapenotecds.com/wp-content/uploads/2015/07/7_05_15HenagarUnion009.mp3
168,http://www.shapenotecds.com/wp-content/uploads/2015/07/7_05_15HenagarUnion010.mp3
137,http://www.shapenotecds.com/wp-content/uploads/2015/07/7_05_15HenagarUnion011.mp3
108b,http://www.shapenotecds.com/wp-content/uploads/2015/07/7_05_15HenagarUnion012.mp3
102,http://www.shapenotecds.com/wp-content/uploads/2015/07/7_05_15HenagarUnion013.mp3
143,http://www.shapenotecds.com/wp-content/uploads/2015/07/7_05_15HenagarUnion014.mp3
528,http://www.shapenotecds.com/wp-content/uploads/2015/07/7_05_15HenagarUnion015.mp3
384,http://www.shapenotecds.com/wp-content/uploads/2015/07/7_05_15HenagarUnion016.mp3
556,http://www.shapenotecds.com/wp-content/uploads/2015/07/7_05_15HenagarUnion017.mp3
39t,http://www.shapenotecds.com/wp-content/uploads/2015/07/7_05_15HenagarUnion018.mp3
86,http://www.shapenotecds.com/wp-content/uploads/2015/07/7_05_15HenagarUnion019.mp3
354b,http://www.shapenotecds.com/wp-content/uploads/2015/07/7_05_15HenagarUnion020.mp3
59,http://www.shapenotecds.com/wp-content/uploads/2015/07/7_05_15HenagarUnion021.mp3
276,http://www.shapenotecds.com/wp-content/uploads/2015/07/7_05_15HenagarUnion022.mp3
571,http://www.shapenotecds.com/wp-content/uploads/2015/07/7_05_15HenagarUnion023.mp3
83t,http://www.shapenotecds.com/wp-content/uploads/2015/07/7_05_15HenagarUnion024.mp3
56t,http://www.shapenotecds.com/wp-content/uploads/2015/07/7_05_15HenagarUnion025.mp3
480,http://www.shapenotecds.com/wp-content/uploads/2015/07/7_05_15HenagarUnion026.mp3
328,http://www.shapenotecds.com/wp-content/uploads/2015/07/7_05_15HenagarUnion027.mp3
196,http://www.shapenotecds.com/wp-content/uploads/2015/07/7_05_15HenagarUnion028.mp3
268,http://www.shapenotecds.com/wp-content/uploads/2015/07/7_05_15HenagarUnion029.mp3
300,http://www.shapenotecds.com/wp-content/uploads/2015/07/7_05_15HenagarUnion030.mp3
183,http://www.shapenotecds.com/wp-content/uploads/2015/07/7_05_15HenagarUnion031.mp3
71,http://www.shapenotecds.com/wp-content/uploads/2015/07/7_05_15HenagarUnion032.mp3
129,http://www.shapenotecds.com/wp-content/uploads/2015/07/7_05_15HenagarUnion033.mp3
128,http://www.shapenotecds.com/wp-content/uploads/2015/07/7_05_15HenagarUnion034.mp3
436,http://www.shapenotecds.com/wp-content/uploads/2015/07/7_05_15HenagarUnion035.mp3
475,http://www.shapenotecds.com/wp-content/uploads/2015/07/7_05_15HenagarUnion036.mp3
106,http://www.shapenotecds.com/wp-content/uploads/2015/07/7_05_15HenagarUnion037.mp3
456,http://www.shapenotecds.com/wp-content/uploads/2015/07/7_05_15HenagarUnion038.mp3
373,http://www.shapenotecds.com/wp-content/uploads/2015/07/7_05_15HenagarUnion039.mp3
460,http://www.shapenotecds.com/wp-content/uploads/2015/07/7_05_15HenagarUnion040.mp3
269,http://www.shapenotecds.com/wp-content/uploads/2015/07/7_05_15HenagarUnion041.mp3
57,http://www.shapenotecds.com/wp-content/uploads/2015/07/7_05_15HenagarUnion042.mp3
267,http://www.shapenotecds.com/wp-content/uploads/2015/07/7_05_15HenagarUnion043.mp3
133,http://www.shapenotecds.com/wp-content/uploads/2015/07/7_05_15HenagarUnion044.mp3
546,http://www.shapenotecds.com/wp-content/uploads/2015/07/7_05_15HenagarUnion045.mp3
312b,http://www.shapenotecds.com/wp-content/uploads/2015/07/7_05_15HenagarUnion046.mp3
278t,http://www.shapenotecds.com/wp-content/uploads/2015/07/7_05_15HenagarUnion047.mp3
172,http://www.shapenotecds.com/wp-content/uploads/2015/07/7_05_15HenagarUnion048.mp3
383,http://www.shapenotecds.com/wp-content/uploads/2015/07/7_05_15HenagarUnion049.mp3
83b,http://www.shapenotecds.com/wp-content/uploads/2015/07/7_05_15HenagarUnion050.mp3
322,http://www.shapenotecds.com/wp-content/uploads/2015/07/7_05_15HenagarUnion051.mp3
547,http://www.shapenotecds.com/wp-content/uploads/2015/07/7_05_15HenagarUnion052.mp3
492,http://www.shapenotecds.com/wp-content/uploads/2015/07/7_05_15HenagarUnion053.mp3
224,http://www.shapenotecds.com/wp-content/uploads/2015/07/7_05_15HenagarUnion054.mp3
89,http://www.shapenotecds.com/wp-content/uploads/2015/07/7_05_15HenagarUnion055.mp3
430,http://www.shapenotecds.com/wp-content/uploads/2015/07/7_05_15HenagarUnion056.mp3
515,http://www.shapenotecds.com/wp-content/uploads/2015/07/7_05_15HenagarUnion057.mp3
532,http://www.shapenotecds.com/wp-content/uploads/2015/07/7_05_15HenagarUnion058.mp3
192,http://www.shapenotecds.com/wp-content/uploads/2015/07/7_05_15HenagarUnion059.mp3
222,http://www.shapenotecds.com/wp-content/uploads/2015/07/7_05_15HenagarUnion060.mp3
216,http://www.shapenotecds.com/wp-content/uploads/2015/07/7_05_15HenagarUnion061.mp3
215,http://www.shapenotecds.com/wp-content/uploads/2015/07/7_05_15HenagarUnion062.mp3
542,http://www.shapenotecds.com/wp-content/uploads/2015/07/7_05_15HenagarUnion063.mp3
348b,http://www.shapenotecds.com/wp-content/uploads/2015/07/7_05_15HenagarUnion064.mp3
299,http://www.shapenotecds.com/wp-content/uploads/2015/07/7_05_15HenagarUnion065.mp3
434,http://www.shapenotecds.com/wp-content/uploads/2015/07/7_05_15HenagarUnion066.mp3
506,http://www.shapenotecds.com/wp-content/uploads/2015/07/7_05_15HenagarUnion067.mp3
198,http://www.shapenotecds.com/wp-content/uploads/2015/07/7_05_15HenagarUnion068.mp3
200,http://www.shapenotecds.com/wp-content/uploads/2015/07/7_05_15HenagarUnion069.mp3
439,http://www.shapenotecds.com/wp-content/uploads/2015/07/7_05_15HenagarUnion070.mp3
309,http://www.shapenotecds.com/wp-content/uploads/2015/07/7_05_15HenagarUnion071.mp3
432,http://www.shapenotecds.com/wp-content/uploads/2015/07/7_05_15HenagarUnion072.mp3
39b,http://www.shapenotecds.com/wp-content/uploads/2015/07/7_05_15HenagarUnion073.mp3
80t,http://www.shapenotecds.com/wp-content/uploads/2015/07/7_05_15HenagarUnion074.mp3
30b,http://www.shapenotecds.com/wp-content/uploads/2015/07/7_05_15HenagarUnion075.mp3
34t,http://www.shapenotecds.com/wp-content/uploads/2015/07/7_05_15HenagarUnion076.mp3
312t,http://www.shapenotecds.com/wp-content/uploads/2015/07/7_05_15HenagarUnion077.mp3
111b,http://www.shapenotecds.com/wp-content/uploads/2015/07/7_05_15HenagarUnion078.mp3
77t,http://www.shapenotecds.com/wp-content/uploads/2015/07/7_05_15HenagarUnion079.mp3
84,http://www.shapenotecds.com/wp-content/uploads/2015/07/7_05_15HenagarUnion080.mp3
350,http://www.shapenotecds.com/wp-content/uploads/2015/07/7_05_15HenagarUnion081.mp3
274t,http://www.shapenotecds.com/wp-content/uploads/2015/07/7_05_15HenagarUnion082.mp3
481,http://www.shapenotecds.com/wp-content/uploads/2015/07/7_05_15HenagarUnion083.mp3
445,http://www.shapenotecds.com/wp-content/uploads/2015/07/7_05_15HenagarUnion084.mp3
203,http://www.shapenotecds.com/wp-content/uploads/2015/07/7_05_15HenagarUnion085.mp3
457,http://www.shapenotecds.com/wp-content/uploads/2015/07/7_05_15HenagarUnion086.mp3
That Beautiful Land,http://www.shapenotecds.com/wp-content/uploads/2015/07/7_05_15HenagarUnion087.mp3
42,http://www.shapenotecds.com/wp-content/uploads/2015/07/7_05_15HenagarUnion088.mp3
503,http://www.shapenotecds.com/wp-content/uploads/2015/07/7_05_15HenagarUnion089.mp3
Trusting,http://www.shapenotecds.com/wp-content/uploads/2015/07/7_05_15HenagarUnion090.mp3
146,http://www.shapenotecds.com/wp-content/uploads/2015/07/7_05_15HenagarUnion091.mp3
