31b,https://shapenotecds.com/wp-content/uploads/2018/05/2018_05_05Huntsville01.mp3
129,https://shapenotecds.com/wp-content/uploads/2018/05/2018_05_05Huntsville02.mp3
480,https://shapenotecds.com/wp-content/uploads/2018/05/2018_05_05Huntsville03.mp3
45t,https://shapenotecds.com/wp-content/uploads/2018/05/2018_05_05Huntsville04.mp3
84,https://shapenotecds.com/wp-content/uploads/2018/05/2018_05_05Huntsville05.mp3
138b,https://shapenotecds.com/wp-content/uploads/2018/05/2018_05_05Huntsville06.mp3
108t,https://shapenotecds.com/wp-content/uploads/2018/05/2018_05_05Huntsville07.mp3
203,https://shapenotecds.com/wp-content/uploads/2018/05/2018_05_05Huntsville08.mp3
189,https://shapenotecds.com/wp-content/uploads/2018/05/2018_05_05Huntsville09.mp3
343,https://shapenotecds.com/wp-content/uploads/2018/05/2018_05_05Huntsville10.mp3
85,https://shapenotecds.com/wp-content/uploads/2018/05/2018_05_05Huntsville11.mp3
48t,https://shapenotecds.com/wp-content/uploads/2018/05/2018_05_05Huntsville12.mp3
421,https://shapenotecds.com/wp-content/uploads/2018/05/2018_05_05Huntsville13.mp3
456,https://shapenotecds.com/wp-content/uploads/2018/05/2018_05_05Huntsville14.mp3
173,https://shapenotecds.com/wp-content/uploads/2018/05/2018_05_05Huntsville15.mp3
164,https://shapenotecds.com/wp-content/uploads/2018/05/2018_05_05Huntsville16.mp3
270,https://shapenotecds.com/wp-content/uploads/2018/05/2018_05_05Huntsville17.mp3
59,https://shapenotecds.com/wp-content/uploads/2018/05/2018_05_05Huntsville18.mp3
411,https://shapenotecds.com/wp-content/uploads/2018/05/2018_05_05Huntsville19.mp3
475,https://shapenotecds.com/wp-content/uploads/2018/05/2018_05_05Huntsville20.mp3
445,https://shapenotecds.com/wp-content/uploads/2018/05/2018_05_05Huntsville21.mp3
501,https://shapenotecds.com/wp-content/uploads/2018/05/2018_05_05Huntsville22.mp3
111t,https://shapenotecds.com/wp-content/uploads/2018/05/2018_05_05Huntsville23.mp3
106,https://shapenotecds.com/wp-content/uploads/2018/05/2018_05_05Huntsville24.mp3
460,https://shapenotecds.com/wp-content/uploads/2018/05/2018_05_05Huntsville25.mp3
551,https://shapenotecds.com/wp-content/uploads/2018/05/2018_05_05Huntsville26.mp3
569b,https://shapenotecds.com/wp-content/uploads/2018/05/2018_05_05Huntsville27.mp3
36b,https://shapenotecds.com/wp-content/uploads/2018/05/2018_05_05Huntsville28.mp3
455,https://shapenotecds.com/wp-content/uploads/2018/05/2018_05_05Huntsville29.mp3
410b,https://shapenotecds.com/wp-content/uploads/2018/05/2018_05_05Huntsville30.mp3
454,https://shapenotecds.com/wp-content/uploads/2018/05/2018_05_05Huntsville31.mp3
276,https://shapenotecds.com/wp-content/uploads/2018/05/2018_05_05Huntsville32.mp3
192,https://shapenotecds.com/wp-content/uploads/2018/05/2018_05_05Huntsville33.mp3
96,https://shapenotecds.com/wp-content/uploads/2018/05/2018_05_05Huntsville34.mp3
425,https://shapenotecds.com/wp-content/uploads/2018/05/2018_05_05Huntsville35.mp3
528,https://shapenotecds.com/wp-content/uploads/2018/05/2018_05_05Huntsville36.mp3
47b,https://shapenotecds.com/wp-content/uploads/2018/05/2018_05_05Huntsville37.mp3
377,https://shapenotecds.com/wp-content/uploads/2018/05/2018_05_05Huntsville38.mp3
86,https://shapenotecds.com/wp-content/uploads/2018/05/2018_05_05Huntsville39.mp3
474,https://shapenotecds.com/wp-content/uploads/2018/05/2018_05_05Huntsville40.mp3
155,https://shapenotecds.com/wp-content/uploads/2018/05/2018_05_05Huntsville41.mp3
550,https://shapenotecds.com/wp-content/uploads/2018/05/2018_05_05Huntsville42.mp3
394,https://shapenotecds.com/wp-content/uploads/2018/05/2018_05_05Huntsville43.mp3
131b,https://shapenotecds.com/wp-content/uploads/2018/05/2018_05_05Huntsville44.mp3
121,https://shapenotecds.com/wp-content/uploads/2018/05/2018_05_05Huntsville45.mp3
546,https://shapenotecds.com/wp-content/uploads/2018/05/2018_05_05Huntsville46.mp3
153,https://shapenotecds.com/wp-content/uploads/2018/05/2018_05_05Huntsville47.mp3
349,https://shapenotecds.com/wp-content/uploads/2018/05/2018_05_05Huntsville48.mp3
162,https://shapenotecds.com/wp-content/uploads/2018/05/2018_05_05Huntsville49.mp3
407,https://shapenotecds.com/wp-content/uploads/2018/05/2018_05_05Huntsville50.mp3
371,https://shapenotecds.com/wp-content/uploads/2018/05/2018_05_05Huntsville51.mp3
340,https://shapenotecds.com/wp-content/uploads/2018/05/2018_05_05Huntsville52.mp3
49b,https://shapenotecds.com/wp-content/uploads/2018/05/2018_05_05Huntsville53.mp3
81t,https://shapenotecds.com/wp-content/uploads/2018/05/2018_05_05Huntsville54.mp3
505,https://shapenotecds.com/wp-content/uploads/2018/05/2018_05_05Huntsville55.mp3
457,https://shapenotecds.com/wp-content/uploads/2018/05/2018_05_05Huntsville56.mp3
442,https://shapenotecds.com/wp-content/uploads/2018/05/2018_05_05Huntsville57.mp3
430,https://shapenotecds.com/wp-content/uploads/2018/05/2018_05_05Huntsville58.mp3
492,https://shapenotecds.com/wp-content/uploads/2018/05/2018_05_05Huntsville59.mp3
380,https://shapenotecds.com/wp-content/uploads/2018/05/2018_05_05Huntsville60.mp3
542,https://shapenotecds.com/wp-content/uploads/2018/05/2018_05_05Huntsville61.mp3
402,https://shapenotecds.com/wp-content/uploads/2018/05/2018_05_05Huntsville62.mp3
157,https://shapenotecds.com/wp-content/uploads/2018/05/2018_05_05Huntsville63.mp3
499,https://shapenotecds.com/wp-content/uploads/2018/05/2018_05_05Huntsville64.mp3
172,https://shapenotecds.com/wp-content/uploads/2018/05/2018_05_05Huntsville65.mp3
483,https://shapenotecds.com/wp-content/uploads/2018/05/2018_05_05Huntsville66.mp3
322,https://shapenotecds.com/wp-content/uploads/2018/05/2018_05_05Huntsville67.mp3
298,https://shapenotecds.com/wp-content/uploads/2018/05/2018_05_05Huntsville68.mp3
146,https://shapenotecds.com/wp-content/uploads/2018/05/2018_05_05Huntsville69.mp3
182,https://shapenotecds.com/wp-content/uploads/2018/05/2018_05_05Huntsville70.mp3
472,https://shapenotecds.com/wp-content/uploads/2018/05/2018_05_05Huntsville71.mp3
362,https://shapenotecds.com/wp-content/uploads/2018/05/2018_05_05Huntsville72.mp3
159,https://shapenotecds.com/wp-content/uploads/2018/05/2018_05_05Huntsville73.mp3
224,https://shapenotecds.com/wp-content/uploads/2018/05/2018_05_05Huntsville74.mp3
198,https://shapenotecds.com/wp-content/uploads/2018/05/2018_05_05Huntsville75.mp3
464,https://shapenotecds.com/wp-content/uploads/2018/05/2018_05_05Huntsville77.mp3
120,https://shapenotecds.com/wp-content/uploads/2018/05/2018_05_05Huntsville78.mp3
46,https://shapenotecds.com/wp-content/uploads/2018/05/2018_05_05Huntsville79.mp3
