82t,https://shapenotecds.com/wp-content/uploads/2015/04/03_29_15IveyMemorial001.mp3
89,https://shapenotecds.com/wp-content/uploads/2015/04/03_29_15IveyMemorial002.mp3
39b,https://shapenotecds.com/wp-content/uploads/2015/04/03_29_15IveyMemorial003.mp3
129,https://shapenotecds.com/wp-content/uploads/2015/04/03_29_15IveyMemorial004.mp3
276,https://shapenotecds.com/wp-content/uploads/2015/04/03_29_15IveyMemorial005.mp3
358,https://shapenotecds.com/wp-content/uploads/2015/04/03_29_15IveyMemorial006.mp3
72b,https://shapenotecds.com/wp-content/uploads/2015/04/03_29_15IveyMemorial007.mp3
278b,https://shapenotecds.com/wp-content/uploads/2015/04/03_29_15IveyMemorial008.mp3
274t,https://shapenotecds.com/wp-content/uploads/2015/04/03_29_15IveyMemorial009.mp3
213t,https://shapenotecds.com/wp-content/uploads/2015/04/03_29_15IveyMemorial010.mp3
426b,https://shapenotecds.com/wp-content/uploads/2015/04/03_29_15IveyMemorial011.mp3
348b,https://shapenotecds.com/wp-content/uploads/2015/04/03_29_15IveyMemorial012.mp3
474,https://shapenotecds.com/wp-content/uploads/2015/04/03_29_15IveyMemorial013.mp3
341,https://shapenotecds.com/wp-content/uploads/2015/04/03_29_15IveyMemorial014.mp3
177,https://shapenotecds.com/wp-content/uploads/2015/04/03_29_15IveyMemorial015.mp3
392,https://shapenotecds.com/wp-content/uploads/2015/04/03_29_15IveyMemorial016.mp3
350,https://shapenotecds.com/wp-content/uploads/2015/04/03_29_15IveyMemorial017.mp3
549,https://shapenotecds.com/wp-content/uploads/2015/04/03_29_15IveyMemorial018.mp3
155,https://shapenotecds.com/wp-content/uploads/2015/04/03_29_15IveyMemorial019.mp3
101t,https://shapenotecds.com/wp-content/uploads/2015/04/03_29_15IveyMemorial020.mp3
183,https://shapenotecds.com/wp-content/uploads/2015/04/03_29_15IveyMemorial021.mp3
475,https://shapenotecds.com/wp-content/uploads/2015/04/03_29_15IveyMemorial022.mp3
480,https://shapenotecds.com/wp-content/uploads/2015/04/03_29_15IveyMemorial023.mp3
542,https://shapenotecds.com/wp-content/uploads/2015/04/03_29_15IveyMemorial024.mp3
84,https://shapenotecds.com/wp-content/uploads/2015/04/03_29_15IveyMemorial025.mp3
432,https://shapenotecds.com/wp-content/uploads/2015/04/03_29_15IveyMemorial026.mp3
148,https://shapenotecds.com/wp-content/uploads/2015/04/03_29_15IveyMemorial027.mp3
71,https://shapenotecds.com/wp-content/uploads/2015/04/03_29_15IveyMemorial028.mp3
472,https://shapenotecds.com/wp-content/uploads/2015/04/03_29_15IveyMemorial029.mp3
39t,https://shapenotecds.com/wp-content/uploads/2015/04/03_29_15IveyMemorial030.mp3
196,https://shapenotecds.com/wp-content/uploads/2015/04/03_29_15IveyMemorial031.mp3
222,https://shapenotecds.com/wp-content/uploads/2015/04/03_29_15IveyMemorial032.mp3
440,https://shapenotecds.com/wp-content/uploads/2015/04/03_29_15IveyMemorial033.mp3
380,https://shapenotecds.com/wp-content/uploads/2015/04/03_29_15IveyMemorial034.mp3
74t,https://shapenotecds.com/wp-content/uploads/2015/04/03_29_15IveyMemorial035.mp3
299,https://shapenotecds.com/wp-content/uploads/2015/04/03_29_15IveyMemorial036.mp3
400,https://shapenotecds.com/wp-content/uploads/2015/04/03_29_15IveyMemorial037.mp3
430,https://shapenotecds.com/wp-content/uploads/2015/04/03_29_15IveyMemorial038.mp3
484,https://shapenotecds.com/wp-content/uploads/2015/04/03_29_15IveyMemorial039.mp3
Mercy Seat,https://shapenotecds.com/wp-content/uploads/2015/04/03_29_15IveyMemorial040.mp3
318,https://shapenotecds.com/wp-content/uploads/2015/04/03_29_15IveyMemorial041.mp3
343,https://shapenotecds.com/wp-content/uploads/2015/04/03_29_15IveyMemorial042.mp3
146,https://shapenotecds.com/wp-content/uploads/2015/04/03_29_15IveyMemorial043.mp3
448b,https://shapenotecds.com/wp-content/uploads/2015/04/03_29_15IveyMemorial044.mp3
Sessions,https://shapenotecds.com/wp-content/uploads/2015/04/03_29_15IveyMemorial045.mp3
300,https://shapenotecds.com/wp-content/uploads/2015/04/03_29_15IveyMemorial046.mp3
142,https://shapenotecds.com/wp-content/uploads/2015/04/03_29_15IveyMemorial047.mp3
266,https://shapenotecds.com/wp-content/uploads/2015/04/03_29_15IveyMemorial048.mp3
107,https://shapenotecds.com/wp-content/uploads/2015/04/03_29_15IveyMemorial049.mp3
179,https://shapenotecds.com/wp-content/uploads/2015/04/03_29_15IveyMemorial050.mp3
448t,https://shapenotecds.com/wp-content/uploads/2015/04/03_29_15IveyMemorial051.mp3
224,https://shapenotecds.com/wp-content/uploads/2015/04/03_29_15IveyMemorial052.mp3
512,https://shapenotecds.com/wp-content/uploads/2015/04/03_29_15IveyMemorial053.mp3
42,https://shapenotecds.com/wp-content/uploads/2015/04/03_29_15IveyMemorial054.mp3
75,https://shapenotecds.com/wp-content/uploads/2015/04/03_29_15IveyMemorial055.mp3
45t,https://shapenotecds.com/wp-content/uploads/2015/04/03_29_15IveyMemorial056.mp3
405,https://shapenotecds.com/wp-content/uploads/2015/04/03_29_15IveyMemorial057.mp3
145t,https://shapenotecds.com/wp-content/uploads/2015/04/03_29_15IveyMemorial058.mp3
445,https://shapenotecds.com/wp-content/uploads/2015/04/03_29_15IveyMemorial059.mp3
131b,https://shapenotecds.com/wp-content/uploads/2015/04/03_29_15IveyMemorial060.mp3
30b,https://shapenotecds.com/wp-content/uploads/2015/04/03_29_15IveyMemorial061.mp3
303,https://shapenotecds.com/wp-content/uploads/2015/04/03_29_15IveyMemorial062.mp3
87,https://shapenotecds.com/wp-content/uploads/2015/04/03_29_15IveyMemorial063.mp3
138b,https://shapenotecds.com/wp-content/uploads/2015/04/03_29_15IveyMemorial064.mp3
204,https://shapenotecds.com/wp-content/uploads/2015/04/03_29_15IveyMemorial065.mp3
215,https://shapenotecds.com/wp-content/uploads/2015/04/03_29_15IveyMemorial066.mp3
216,https://shapenotecds.com/wp-content/uploads/2015/04/03_29_15IveyMemorial067.mp3
365,https://shapenotecds.com/wp-content/uploads/2015/04/03_29_15IveyMemorial068.mp3
570,https://shapenotecds.com/wp-content/uploads/2015/04/03_29_15IveyMemorial069.mp3
80b,https://shapenotecds.com/wp-content/uploads/2015/04/03_29_15IveyMemorial070.mp3
Jesus Died for Me,https://shapenotecds.com/wp-content/uploads/2015/04/03_29_15IveyMemorial071.mp3
68b,https://shapenotecds.com/wp-content/uploads/2015/04/03_29_15IveyMemorial072.mp3
361,https://shapenotecds.com/wp-content/uploads/2015/04/03_29_15IveyMemorial073.mp3
411,https://shapenotecds.com/wp-content/uploads/2015/04/03_29_15IveyMemorial074.mp3
500,https://shapenotecds.com/wp-content/uploads/2015/04/03_29_15IveyMemorial075.mp3
368,https://shapenotecds.com/wp-content/uploads/2015/04/03_29_15IveyMemorial076.mp3
217,https://shapenotecds.com/wp-content/uploads/2015/04/03_29_15IveyMemorial077.mp3
272,https://shapenotecds.com/wp-content/uploads/2015/04/03_29_15IveyMemorial078.mp3
282,https://shapenotecds.com/wp-content/uploads/2015/04/03_29_15IveyMemorial079.mp3
384,https://shapenotecds.com/wp-content/uploads/2015/04/03_29_15IveyMemorial080.mp3
421,https://shapenotecds.com/wp-content/uploads/2015/04/03_29_15IveyMemorial081.mp3
434,https://shapenotecds.com/wp-content/uploads/2015/04/03_29_15IveyMemorial082.mp3
556,https://shapenotecds.com/wp-content/uploads/2015/04/03_29_15IveyMemorial083.mp3
403,https://shapenotecds.com/wp-content/uploads/2015/04/03_29_15IveyMemorial084.mp3
209,https://shapenotecds.com/wp-content/uploads/2015/04/03_29_15IveyMemorial085.mp3
182,https://shapenotecds.com/wp-content/uploads/2015/04/03_29_15IveyMemorial086.mp3
564,https://shapenotecds.com/wp-content/uploads/2015/04/03_29_15IveyMemorial087.mp3
473,https://shapenotecds.com/wp-content/uploads/2015/04/03_29_15IveyMemorial088.mp3
383,https://shapenotecds.com/wp-content/uploads/2015/04/03_29_15IveyMemorial089.mp3
540,https://shapenotecds.com/wp-content/uploads/2015/04/03_29_15IveyMemorial090.mp3
377,https://shapenotecds.com/wp-content/uploads/2015/04/03_29_15IveyMemorial091.mp3
34t,https://shapenotecds.com/wp-content/uploads/2015/04/03_29_15IveyMemorial092.mp3
528,https://shapenotecds.com/wp-content/uploads/2015/04/03_29_15IveyMemorial093.mp3
144,https://shapenotecds.com/wp-content/uploads/2015/04/03_29_15IveyMemorial094.mp3
503,https://shapenotecds.com/wp-content/uploads/2015/04/03_29_15IveyMemorial095.mp3
36b,https://shapenotecds.com/wp-content/uploads/2015/04/03_29_15IveyMemorial096.mp3
123b,https://shapenotecds.com/wp-content/uploads/2015/04/03_29_15IveyMemorial097.mp3
327,https://shapenotecds.com/wp-content/uploads/2015/04/03_29_15IveyMemorial098.mp3
86,https://shapenotecds.com/wp-content/uploads/2015/04/03_29_15IveyMemorial099.mp3
457,https://shapenotecds.com/wp-content/uploads/2015/04/03_29_15IveyMemorial100.mp3
