82t,http://www.shapenotecds.com/wp-content/uploads/2016/02/2016Ivey_Memorial_001.mp3
65,http://www.shapenotecds.com/wp-content/uploads/2016/02/2016Ivey_Memorial_002.mp3
48t,http://www.shapenotecds.com/wp-content/uploads/2016/02/2016Ivey_Memorial_003.mp3
432,http://www.shapenotecds.com/wp-content/uploads/2016/02/2016Ivey_Memorial_004.mp3
89,http://www.shapenotecds.com/wp-content/uploads/2016/02/2016Ivey_Memorial_005.mp3
208,http://www.shapenotecds.com/wp-content/uploads/2016/02/2016Ivey_Memorial_006.mp3
270,http://www.shapenotecds.com/wp-content/uploads/2016/02/2016Ivey_Memorial_007.mp3
440,http://www.shapenotecds.com/wp-content/uploads/2016/02/2016Ivey_Memorial_008.mp3
358,http://www.shapenotecds.com/wp-content/uploads/2016/02/2016Ivey_Memorial_009.mp3
441,http://www.shapenotecds.com/wp-content/uploads/2016/02/2016Ivey_Memorial_010.mp3
68b,http://www.shapenotecds.com/wp-content/uploads/2016/02/2016Ivey_Memorial_011.mp3
472,http://www.shapenotecds.com/wp-content/uploads/2016/02/2016Ivey_Memorial_012.mp3
499,http://www.shapenotecds.com/wp-content/uploads/2016/02/2016Ivey_Memorial_013.mp3
145t,http://www.shapenotecds.com/wp-content/uploads/2016/02/2016Ivey_Memorial_014.mp3
43,http://www.shapenotecds.com/wp-content/uploads/2016/02/2016Ivey_Memorial_015.mp3
186,http://www.shapenotecds.com/wp-content/uploads/2016/02/2016Ivey_Memorial_016.mp3
101t,http://www.shapenotecds.com/wp-content/uploads/2016/02/2016Ivey_Memorial_017.mp3
217,http://www.shapenotecds.com/wp-content/uploads/2016/02/2016Ivey_Memorial_018.mp3
141,http://www.shapenotecds.com/wp-content/uploads/2016/02/2016Ivey_Memorial_019.mp3
565,http://www.shapenotecds.com/wp-content/uploads/2016/02/2016Ivey_Memorial_020.mp3
283,http://www.shapenotecds.com/wp-content/uploads/2016/02/2016Ivey_Memorial_021.mp3
341,http://www.shapenotecds.com/wp-content/uploads/2016/02/2016Ivey_Memorial_022.mp3
213t,http://www.shapenotecds.com/wp-content/uploads/2016/02/2016Ivey_Memorial_023.mp3
202,http://www.shapenotecds.com/wp-content/uploads/2016/02/2016Ivey_Memorial_024.mp3
47b,http://www.shapenotecds.com/wp-content/uploads/2016/02/2016Ivey_Memorial_025.mp3
282,http://www.shapenotecds.com/wp-content/uploads/2016/02/2016Ivey_Memorial_026.mp3
383,http://www.shapenotecds.com/wp-content/uploads/2016/02/2016Ivey_Memorial_027.mp3
339,http://www.shapenotecds.com/wp-content/uploads/2016/02/2016Ivey_Memorial_028.mp3
532,http://www.shapenotecds.com/wp-content/uploads/2016/02/2016Ivey_Memorial_029.mp3
512,http://www.shapenotecds.com/wp-content/uploads/2016/02/2016Ivey_Memorial_030.mp3
216,http://www.shapenotecds.com/wp-content/uploads/2016/02/2016Ivey_Memorial_031.mp3
200,http://www.shapenotecds.com/wp-content/uploads/2016/02/2016Ivey_Memorial_032.mp3
75,http://www.shapenotecds.com/wp-content/uploads/2016/02/2016Ivey_Memorial_033.mp3
174,http://www.shapenotecds.com/wp-content/uploads/2016/02/2016Ivey_Memorial_034.mp3
324,http://www.shapenotecds.com/wp-content/uploads/2016/02/2016Ivey_Memorial_035.mp3
304,http://www.shapenotecds.com/wp-content/uploads/2016/02/2016Ivey_Memorial_036.mp3
37b,http://www.shapenotecds.com/wp-content/uploads/2016/02/2016Ivey_Memorial_037.mp3
111b,http://www.shapenotecds.com/wp-content/uploads/2016/02/2016Ivey_Memorial_038.mp3
414,http://www.shapenotecds.com/wp-content/uploads/2016/02/2016Ivey_Memorial_039.mp3
197,http://www.shapenotecds.com/wp-content/uploads/2016/02/2016Ivey_Memorial_040.mp3
349,http://www.shapenotecds.com/wp-content/uploads/2016/02/2016Ivey_Memorial_041.mp3
466,http://www.shapenotecds.com/wp-content/uploads/2016/02/2016Ivey_Memorial_042.mp3
70t,http://www.shapenotecds.com/wp-content/uploads/2016/02/2016Ivey_Memorial_043.mp3
462,http://www.shapenotecds.com/wp-content/uploads/2016/02/2016Ivey_Memorial_044.mp3
271b,http://www.shapenotecds.com/wp-content/uploads/2016/02/2016Ivey_Memorial_045.mp3
146,http://www.shapenotecds.com/wp-content/uploads/2016/02/2016Ivey_Memorial_046.mp3
273,http://www.shapenotecds.com/wp-content/uploads/2016/02/2016Ivey_Memorial_047.mp3
168,http://www.shapenotecds.com/wp-content/uploads/2016/02/2016Ivey_Memorial_048.mp3
34t,http://www.shapenotecds.com/wp-content/uploads/2016/02/2016Ivey_Memorial_049.mp3
316,http://www.shapenotecds.com/wp-content/uploads/2016/02/2016Ivey_Memorial_050.mp3
99,http://www.shapenotecds.com/wp-content/uploads/2016/02/2016Ivey_Memorial_051.mp3
277,http://www.shapenotecds.com/wp-content/uploads/2016/02/2016Ivey_Memorial_052.mp3
187,http://www.shapenotecds.com/wp-content/uploads/2016/02/2016Ivey_Memorial_053.mp3
372,http://www.shapenotecds.com/wp-content/uploads/2016/02/2016Ivey_Memorial_054.mp3
234,http://www.shapenotecds.com/wp-content/uploads/2016/02/2016Ivey_Memorial_055.mp3
129,http://www.shapenotecds.com/wp-content/uploads/2016/02/2016Ivey_Memorial_056.mp3
73t,http://www.shapenotecds.com/wp-content/uploads/2016/02/2016Ivey_Memorial_057.mp3
480,http://www.shapenotecds.com/wp-content/uploads/2016/02/2016Ivey_Memorial_058.mp3
411,http://www.shapenotecds.com/wp-content/uploads/2016/02/2016Ivey_Memorial_059.mp3
442,http://www.shapenotecds.com/wp-content/uploads/2016/02/2016Ivey_Memorial_060.mp3
542,http://www.shapenotecds.com/wp-content/uploads/2016/02/2016Ivey_Memorial_061.mp3
460,http://www.shapenotecds.com/wp-content/uploads/2016/02/2016Ivey_Memorial_062.mp3
110,http://www.shapenotecds.com/wp-content/uploads/2016/02/2016Ivey_Memorial_063.mp3
500,http://www.shapenotecds.com/wp-content/uploads/2016/02/2016Ivey_Memorial_064.mp3
74b,http://www.shapenotecds.com/wp-content/uploads/2016/02/2016Ivey_Memorial_065.mp3
155,http://www.shapenotecds.com/wp-content/uploads/2016/02/2016Ivey_Memorial_066.mp3
498,http://www.shapenotecds.com/wp-content/uploads/2016/02/2016Ivey_Memorial_067.mp3
327,http://www.shapenotecds.com/wp-content/uploads/2016/02/2016Ivey_Memorial_068.mp3
405,http://www.shapenotecds.com/wp-content/uploads/2016/02/2016Ivey_Memorial_069.mp3
45t,http://www.shapenotecds.com/wp-content/uploads/2016/02/2016Ivey_Memorial_070.mp3
436,http://www.shapenotecds.com/wp-content/uploads/2016/02/2016Ivey_Memorial_071.mp3
496,http://www.shapenotecds.com/wp-content/uploads/2016/02/2016Ivey_Memorial_072.mp3
182,http://www.shapenotecds.com/wp-content/uploads/2016/02/2016Ivey_Memorial_073.mp3
142,http://www.shapenotecds.com/wp-content/uploads/2016/02/2016Ivey_Memorial_074.mp3
36b,http://www.shapenotecds.com/wp-content/uploads/2016/02/2016Ivey_Memorial_075.mp3
284,http://www.shapenotecds.com/wp-content/uploads/2016/02/2016Ivey_Memorial_076.mp3
180,http://www.shapenotecds.com/wp-content/uploads/2016/02/2016Ivey_Memorial_077.mp3
276,http://www.shapenotecds.com/wp-content/uploads/2016/02/2016Ivey_Memorial_078.mp3
76b,http://www.shapenotecds.com/wp-content/uploads/2016/02/2016Ivey_Memorial_079.mp3
290,http://www.shapenotecds.com/wp-content/uploads/2016/02/2016Ivey_Memorial_080.mp3
564,http://www.shapenotecds.com/wp-content/uploads/2016/02/2016Ivey_Memorial_081.mp3
348b,http://www.shapenotecds.com/wp-content/uploads/2016/02/2016Ivey_Memorial_082.mp3
278t,http://www.shapenotecds.com/wp-content/uploads/2016/02/2016Ivey_Memorial_083.mp3
454,http://www.shapenotecds.com/wp-content/uploads/2016/02/2016Ivey_Memorial_084.mp3
447,http://www.shapenotecds.com/wp-content/uploads/2016/02/2016Ivey_Memorial_085.mp3
163t,http://www.shapenotecds.com/wp-content/uploads/2016/02/2016Ivey_Memorial_086.mp3
56t,http://www.shapenotecds.com/wp-content/uploads/2016/02/2016Ivey_Memorial_087.mp3
299,http://www.shapenotecds.com/wp-content/uploads/2016/02/2016Ivey_Memorial_088.mp3
201,http://www.shapenotecds.com/wp-content/uploads/2016/02/2016Ivey_Memorial_089.mp3
42,http://www.shapenotecds.com/wp-content/uploads/2016/02/2016Ivey_Memorial_090.mp3
That Beautiful Land,http://www.shapenotecds.com/wp-content/uploads/2016/02/2016Ivey_Memorial_091.mp3
335,http://www.shapenotecds.com/wp-content/uploads/2016/02/2016Ivey_Memorial_092.mp3
521,http://www.shapenotecds.com/wp-content/uploads/2016/02/2016Ivey_Memorial_093.mp3
