73t,http://www.shapenotecds.com/wp-content/uploads/2018/09/2018_07_29LacyMemorial01.mp3
89,http://www.shapenotecds.com/wp-content/uploads/2018/09/2018_07_29LacyMemorial02.mp3
411,http://www.shapenotecds.com/wp-content/uploads/2018/09/2018_07_29LacyMemorial03.mp3
29t,http://www.shapenotecds.com/wp-content/uploads/2018/09/2018_07_29LacyMemorial04.mp3
278t,http://www.shapenotecds.com/wp-content/uploads/2018/09/2018_07_29LacyMemorial05.mp3
422,http://www.shapenotecds.com/wp-content/uploads/2018/09/2018_07_29LacyMemorial06.mp3
299,http://www.shapenotecds.com/wp-content/uploads/2018/09/2018_07_29LacyMemorial07.mp3
304,http://www.shapenotecds.com/wp-content/uploads/2018/09/2018_07_29LacyMemorial08.mp3
129,http://www.shapenotecds.com/wp-content/uploads/2018/09/2018_07_29LacyMemorial09.mp3
464,http://www.shapenotecds.com/wp-content/uploads/2018/09/2018_07_29LacyMemorial10.mp3
35,http://www.shapenotecds.com/wp-content/uploads/2018/09/2018_07_29LacyMemorial11.mp3
383,http://www.shapenotecds.com/wp-content/uploads/2018/09/2018_07_29LacyMemorial12.mp3
522,http://www.shapenotecds.com/wp-content/uploads/2018/09/2018_07_29LacyMemorial13.mp3
69b,http://www.shapenotecds.com/wp-content/uploads/2018/09/2018_07_29LacyMemorial14.mp3
528,http://www.shapenotecds.com/wp-content/uploads/2018/09/2018_07_29LacyMemorial15.mp3
360,http://www.shapenotecds.com/wp-content/uploads/2018/09/2018_07_29LacyMemorial16.mp3
172,http://www.shapenotecds.com/wp-content/uploads/2018/09/2018_07_29LacyMemorial17.mp3
202,http://www.shapenotecds.com/wp-content/uploads/2018/09/2018_07_29LacyMemorial18.mp3
352,http://www.shapenotecds.com/wp-content/uploads/2018/09/2018_07_29LacyMemorial19.mp3
418,http://www.shapenotecds.com/wp-content/uploads/2018/09/2018_07_29LacyMemorial20.mp3
170,http://www.shapenotecds.com/wp-content/uploads/2018/09/2018_07_29LacyMemorial21.mp3
182,http://www.shapenotecds.com/wp-content/uploads/2018/09/2018_07_29LacyMemorial22.mp3
498,http://www.shapenotecds.com/wp-content/uploads/2018/09/2018_07_29LacyMemorial23.mp3
65,http://www.shapenotecds.com/wp-content/uploads/2018/09/2018_07_29LacyMemorial24.mp3
313t,http://www.shapenotecds.com/wp-content/uploads/2018/09/2018_07_29LacyMemorial25.mp3
475,http://www.shapenotecds.com/wp-content/uploads/2018/09/2018_07_29LacyMemorial26.mp3
222,http://www.shapenotecds.com/wp-content/uploads/2018/09/2018_07_29LacyMemorial27.mp3
45t,http://www.shapenotecds.com/wp-content/uploads/2018/09/2018_07_29LacyMemorial28.mp3
102,http://www.shapenotecds.com/wp-content/uploads/2018/09/2018_07_29LacyMemorial29.mp3
279,http://www.shapenotecds.com/wp-content/uploads/2018/09/2018_07_29LacyMemorial30.mp3
192,http://www.shapenotecds.com/wp-content/uploads/2018/09/2018_07_29LacyMemorial31.mp3
395,http://www.shapenotecds.com/wp-content/uploads/2018/09/2018_07_29LacyMemorial32.mp3
480,http://www.shapenotecds.com/wp-content/uploads/2018/09/2018_07_29LacyMemorial33.mp3
353,http://www.shapenotecds.com/wp-content/uploads/2018/09/2018_07_29LacyMemorial34.mp3
88t,http://www.shapenotecds.com/wp-content/uploads/2018/09/2018_07_29LacyMemorial35.mp3
67,http://www.shapenotecds.com/wp-content/uploads/2018/09/2018_07_29LacyMemorial36.mp3
348b,http://www.shapenotecds.com/wp-content/uploads/2018/09/2018_07_29LacyMemorial37.mp3
425,http://www.shapenotecds.com/wp-content/uploads/2018/09/2018_07_29LacyMemorial38.mp3
455,http://www.shapenotecds.com/wp-content/uploads/2018/09/2018_07_29LacyMemorial39.mp3
316,http://www.shapenotecds.com/wp-content/uploads/2018/09/2018_07_29LacyMemorial40.mp3
216,http://www.shapenotecds.com/wp-content/uploads/2018/09/2018_07_29LacyMemorial41.mp3
548,http://www.shapenotecds.com/wp-content/uploads/2018/09/2018_07_29LacyMemorial42.mp3
208,http://www.shapenotecds.com/wp-content/uploads/2018/09/2018_07_29LacyMemorial43.mp3
423,http://www.shapenotecds.com/wp-content/uploads/2018/09/2018_07_29LacyMemorial44.mp3
325,http://www.shapenotecds.com/wp-content/uploads/2018/09/2018_07_29LacyMemorial45.mp3
242,http://www.shapenotecds.com/wp-content/uploads/2018/09/2018_07_29LacyMemorial46.mp3
196,http://www.shapenotecds.com/wp-content/uploads/2018/09/2018_07_29LacyMemorial47.mp3
203,http://www.shapenotecds.com/wp-content/uploads/2018/09/2018_07_29LacyMemorial48.mp3
396,http://www.shapenotecds.com/wp-content/uploads/2018/09/2018_07_29LacyMemorial49.mp3
120,http://www.shapenotecds.com/wp-content/uploads/2018/09/2018_07_29LacyMemorial50.mp3
200,http://www.shapenotecds.com/wp-content/uploads/2018/09/2018_07_29LacyMemorial51.mp3
215,http://www.shapenotecds.com/wp-content/uploads/2018/09/2018_07_29LacyMemorial52.mp3
272,http://www.shapenotecds.com/wp-content/uploads/2018/09/2018_07_29LacyMemorial53.mp3
228,http://www.shapenotecds.com/wp-content/uploads/2018/09/2018_07_29LacyMemorial54.mp3
282,http://www.shapenotecds.com/wp-content/uploads/2018/09/2018_07_29LacyMemorial55.mp3
426b,http://www.shapenotecds.com/wp-content/uploads/2018/09/2018_07_29LacyMemorial56.mp3
419,http://www.shapenotecds.com/wp-content/uploads/2018/09/2018_07_29LacyMemorial57.mp3
309,http://www.shapenotecds.com/wp-content/uploads/2018/09/2018_07_29LacyMemorial58.mp3
440,http://www.shapenotecds.com/wp-content/uploads/2018/09/2018_07_29LacyMemorial59.mp3
380,http://www.shapenotecds.com/wp-content/uploads/2018/09/2018_07_29LacyMemorial60.mp3
328,http://www.shapenotecds.com/wp-content/uploads/2018/09/2018_07_29LacyMemorial61.mp3
460,http://www.shapenotecds.com/wp-content/uploads/2018/09/2018_07_29LacyMemorial62.mp3
448t,http://www.shapenotecds.com/wp-content/uploads/2018/09/2018_07_29LacyMemorial63.mp3
267,http://www.shapenotecds.com/wp-content/uploads/2018/09/2018_07_29LacyMemorial64.mp3
155,http://www.shapenotecds.com/wp-content/uploads/2018/09/2018_07_29LacyMemorial65.mp3
349,http://www.shapenotecds.com/wp-content/uploads/2018/09/2018_07_29LacyMemorial66.mp3
87,http://www.shapenotecds.com/wp-content/uploads/2018/09/2018_07_29LacyMemorial67.mp3
556,http://www.shapenotecds.com/wp-content/uploads/2018/09/2018_07_29LacyMemorial68.mp3
56t,http://www.shapenotecds.com/wp-content/uploads/2018/09/2018_07_29LacyMemorial69.mp3
298,http://www.shapenotecds.com/wp-content/uploads/2018/09/2018_07_29LacyMemorial70.mp3
384,http://www.shapenotecds.com/wp-content/uploads/2018/09/2018_07_29LacyMemorial71.mp3
532,http://www.shapenotecds.com/wp-content/uploads/2018/09/2018_07_29LacyMemorial72.mp3
30b,http://www.shapenotecds.com/wp-content/uploads/2018/09/2018_07_29LacyMemorial73.mp3
542,http://www.shapenotecds.com/wp-content/uploads/2018/09/2018_07_29LacyMemorial74.mp3
146,http://www.shapenotecds.com/wp-content/uploads/2018/09/2018_07_29LacyMemorial75.mp3
