82t,http://www.shapenotecds.com/wp-content/uploads/2018/04/2018_04_29Liberty01.mp3
101t,http://www.shapenotecds.com/wp-content/uploads/2018/04/2018_04_29Liberty02.mp3
47t,http://www.shapenotecds.com/wp-content/uploads/2018/04/2018_04_29Liberty03.mp3
482,http://www.shapenotecds.com/wp-content/uploads/2018/04/2018_04_29Liberty04.mp3
31t,http://www.shapenotecds.com/wp-content/uploads/2018/04/2018_04_29Liberty05.mp3
566,http://www.shapenotecds.com/wp-content/uploads/2018/04/2018_04_29Liberty06.mp3
454,http://www.shapenotecds.com/wp-content/uploads/2018/04/2018_04_29Liberty07.mp3
112,http://www.shapenotecds.com/wp-content/uploads/2018/04/2018_04_29Liberty08.mp3
358,http://www.shapenotecds.com/wp-content/uploads/2018/04/2018_04_29Liberty09.mp3
352,http://www.shapenotecds.com/wp-content/uploads/2018/04/2018_04_29Liberty10.mp3
354t,http://www.shapenotecds.com/wp-content/uploads/2018/04/2018_04_29Liberty11.mp3
530,http://www.shapenotecds.com/wp-content/uploads/2018/04/2018_04_29Liberty12.mp3
200,http://www.shapenotecds.com/wp-content/uploads/2018/04/2018_04_29Liberty13.mp3
345t,http://www.shapenotecds.com/wp-content/uploads/2018/04/2018_04_29Liberty14.mp3
492,http://www.shapenotecds.com/wp-content/uploads/2018/04/2018_04_29Liberty15.mp3
349,http://www.shapenotecds.com/wp-content/uploads/2018/04/2018_04_29Liberty16.mp3
138t,http://www.shapenotecds.com/wp-content/uploads/2018/04/2018_04_29Liberty17.mp3
291,http://www.shapenotecds.com/wp-content/uploads/2018/04/2018_04_29Liberty18.mp3
292,http://www.shapenotecds.com/wp-content/uploads/2018/04/2018_04_29Liberty19.mp3
282,http://www.shapenotecds.com/wp-content/uploads/2018/04/2018_04_29Liberty20.mp3
39b,http://www.shapenotecds.com/wp-content/uploads/2018/04/2018_04_29Liberty21.mp3
36b,http://www.shapenotecds.com/wp-content/uploads/2018/04/2018_04_29Liberty22.mp3
299,http://www.shapenotecds.com/wp-content/uploads/2018/04/2018_04_29Liberty23.mp3
192,http://www.shapenotecds.com/wp-content/uploads/2018/04/2018_04_29Liberty24.mp3
300,http://www.shapenotecds.com/wp-content/uploads/2018/04/2018_04_29Liberty25.mp3
409,http://www.shapenotecds.com/wp-content/uploads/2018/04/2018_04_29Liberty26.mp3
336,http://www.shapenotecds.com/wp-content/uploads/2018/04/2018_04_29Liberty27.mp3
289,http://www.shapenotecds.com/wp-content/uploads/2018/04/2018_04_29Liberty28.mp3
378b,http://www.shapenotecds.com/wp-content/uploads/2018/04/2018_04_29Liberty29.mp3
505,http://www.shapenotecds.com/wp-content/uploads/2018/04/2018_04_29Liberty30.mp3
507,http://www.shapenotecds.com/wp-content/uploads/2018/04/2018_04_29Liberty31.mp3
415,http://www.shapenotecds.com/wp-content/uploads/2018/04/2018_04_29Liberty32.mp3
145b,http://www.shapenotecds.com/wp-content/uploads/2018/04/2018_04_29Liberty33.mp3
341,http://www.shapenotecds.com/wp-content/uploads/2018/04/2018_04_29Liberty34.mp3
224,http://www.shapenotecds.com/wp-content/uploads/2018/04/2018_04_29Liberty35.mp3
488,http://www.shapenotecds.com/wp-content/uploads/2018/04/2018_04_29Liberty36.mp3
168,http://www.shapenotecds.com/wp-content/uploads/2018/04/2018_04_29Liberty37.mp3
37b,http://www.shapenotecds.com/wp-content/uploads/2018/04/2018_04_29Liberty38.mp3
348b,http://www.shapenotecds.com/wp-content/uploads/2018/04/2018_04_29Liberty39.mp3
318,http://www.shapenotecds.com/wp-content/uploads/2018/04/2018_04_29Liberty40.mp3
209,http://www.shapenotecds.com/wp-content/uploads/2018/04/2018_04_29Liberty41.mp3
157,http://www.shapenotecds.com/wp-content/uploads/2018/04/2018_04_29Liberty42.mp3
50t,http://www.shapenotecds.com/wp-content/uploads/2018/04/2018_04_29Liberty43.mp3
276,http://www.shapenotecds.com/wp-content/uploads/2018/04/2018_04_29Liberty44.mp3
517,http://www.shapenotecds.com/wp-content/uploads/2018/04/2018_04_29Liberty45.mp3
410t,http://www.shapenotecds.com/wp-content/uploads/2018/04/2018_04_29Liberty46.mp3
29t,http://www.shapenotecds.com/wp-content/uploads/2018/04/2018_04_29Liberty47.mp3
111b,http://www.shapenotecds.com/wp-content/uploads/2018/04/2018_04_29Liberty48.mp3
101b,http://www.shapenotecds.com/wp-content/uploads/2018/04/2018_04_29Liberty49.mp3
447,http://www.shapenotecds.com/wp-content/uploads/2018/04/2018_04_29Liberty50.mp3
343,http://www.shapenotecds.com/wp-content/uploads/2018/04/2018_04_29Liberty51.mp3
494,http://www.shapenotecds.com/wp-content/uploads/2018/04/2018_04_29Liberty52.mp3
345b,http://www.shapenotecds.com/wp-content/uploads/2018/04/2018_04_29Liberty53.mp3
42,http://www.shapenotecds.com/wp-content/uploads/2018/04/2018_04_29Liberty54.mp3
401,http://www.shapenotecds.com/wp-content/uploads/2018/04/2018_04_29Liberty55.mp3
350,http://www.shapenotecds.com/wp-content/uploads/2018/04/2018_04_29Liberty56.mp3
403,http://www.shapenotecds.com/wp-content/uploads/2018/04/2018_04_29Liberty57.mp3
434,http://www.shapenotecds.com/wp-content/uploads/2018/04/2018_04_29Liberty58.mp3
228,http://www.shapenotecds.com/wp-content/uploads/2018/04/2018_04_29Liberty59.mp3
436,http://www.shapenotecds.com/wp-content/uploads/2018/04/2018_04_29Liberty60.mp3
542,http://www.shapenotecds.com/wp-content/uploads/2018/04/2018_04_29Liberty61.mp3
480,http://www.shapenotecds.com/wp-content/uploads/2018/04/2018_04_29Liberty62.mp3
342,http://www.shapenotecds.com/wp-content/uploads/2018/04/2018_04_29Liberty63.mp3
396,http://www.shapenotecds.com/wp-content/uploads/2018/04/2018_04_29Liberty64.mp3
283,http://www.shapenotecds.com/wp-content/uploads/2018/04/2018_04_29Liberty65.mp3
430,http://www.shapenotecds.com/wp-content/uploads/2018/04/2018_04_29Liberty66.mp3
428,http://www.shapenotecds.com/wp-content/uploads/2018/04/2018_04_29Liberty67.mp3
274t,http://www.shapenotecds.com/wp-content/uploads/2018/04/2018_04_29Liberty68.mp3
384,http://www.shapenotecds.com/wp-content/uploads/2018/04/2018_04_29Liberty69.mp3
208,http://www.shapenotecds.com/wp-content/uploads/2018/04/2018_04_29Liberty70.mp3
472,http://www.shapenotecds.com/wp-content/uploads/2018/04/2018_04_29Liberty71.mp3
314,http://www.shapenotecds.com/wp-content/uploads/2018/04/2018_04_29Liberty72.mp3
216,http://www.shapenotecds.com/wp-content/uploads/2018/04/2018_04_29Liberty73.mp3
500,http://www.shapenotecds.com/wp-content/uploads/2018/04/2018_04_29Liberty74.mp3
424,http://www.shapenotecds.com/wp-content/uploads/2018/04/2018_04_29Liberty75.mp3
512,http://www.shapenotecds.com/wp-content/uploads/2018/04/2018_04_29Liberty76.mp3
139,http://www.shapenotecds.com/wp-content/uploads/2018/04/2018_04_29Liberty77.mp3
309,http://www.shapenotecds.com/wp-content/uploads/2018/04/2018_04_29Liberty78.mp3
222,http://www.shapenotecds.com/wp-content/uploads/2018/04/2018_04_29Liberty79.mp3
313t,http://www.shapenotecds.com/wp-content/uploads/2018/04/2018_04_29Liberty80.mp3
445,http://www.shapenotecds.com/wp-content/uploads/2018/04/2018_04_29Liberty81.mp3
269,http://www.shapenotecds.com/wp-content/uploads/2018/04/2018_04_29Liberty82.mp3
