81t,http://www.shapenotecds.com/wp-content/uploads/2018/10/2018_09_29Union01.mp3
75,http://www.shapenotecds.com/wp-content/uploads/2018/10/2018_09_29Union02.mp3
31t,http://www.shapenotecds.com/wp-content/uploads/2018/10/2018_09_29Union03.mp3
171,http://www.shapenotecds.com/wp-content/uploads/2018/10/2018_09_29Union04.mp3
217,http://www.shapenotecds.com/wp-content/uploads/2018/10/2018_09_29Union05.mp3
274t,http://www.shapenotecds.com/wp-content/uploads/2018/10/2018_09_29Union06.mp3
339,http://www.shapenotecds.com/wp-content/uploads/2018/10/2018_09_29Union07.mp3
323b,http://www.shapenotecds.com/wp-content/uploads/2018/10/2018_09_29Union08.mp3
180,http://www.shapenotecds.com/wp-content/uploads/2018/10/2018_09_29Union09.mp3
504,http://www.shapenotecds.com/wp-content/uploads/2018/10/2018_09_29Union10.mp3
495,http://www.shapenotecds.com/wp-content/uploads/2018/10/2018_09_29Union11.mp3
112,http://www.shapenotecds.com/wp-content/uploads/2018/10/2018_09_29Union12.mp3
40,http://www.shapenotecds.com/wp-content/uploads/2018/10/2018_09_29Union13.mp3
516,http://www.shapenotecds.com/wp-content/uploads/2018/10/2018_09_29Union14.mp3
72b,http://www.shapenotecds.com/wp-content/uploads/2018/10/2018_09_29Union15.mp3
172,http://www.shapenotecds.com/wp-content/uploads/2018/10/2018_09_29Union16.mp3
160b,http://www.shapenotecds.com/wp-content/uploads/2018/10/2018_09_29Union17.mp3
27,http://www.shapenotecds.com/wp-content/uploads/2018/10/2018_09_29Union18.mp3
147t,http://www.shapenotecds.com/wp-content/uploads/2018/10/2018_09_29Union19.mp3
385t,http://www.shapenotecds.com/wp-content/uploads/2018/10/2018_09_29Union20.mp3
478,http://www.shapenotecds.com/wp-content/uploads/2018/10/2018_09_29Union21.mp3
384,http://www.shapenotecds.com/wp-content/uploads/2018/10/2018_09_29Union22.mp3
448b,http://www.shapenotecds.com/wp-content/uploads/2018/10/2018_09_29Union23.mp3
541,http://www.shapenotecds.com/wp-content/uploads/2018/10/2018_09_29Union24.mp3
274b,http://www.shapenotecds.com/wp-content/uploads/2018/10/2018_09_29Union25.mp3
330b,http://www.shapenotecds.com/wp-content/uploads/2018/10/2018_09_29Union26.mp3
77b,http://www.shapenotecds.com/wp-content/uploads/2018/10/2018_09_29Union27.mp3
155,http://www.shapenotecds.com/wp-content/uploads/2018/10/2018_09_29Union28.mp3
536,http://www.shapenotecds.com/wp-content/uploads/2018/10/2018_09_29Union29.mp3
201,http://www.shapenotecds.com/wp-content/uploads/2018/10/2018_09_29Union30.mp3
203,http://www.shapenotecds.com/wp-content/uploads/2018/10/2018_09_29Union31.mp3
157,http://www.shapenotecds.com/wp-content/uploads/2018/10/2018_09_29Union32.mp3
88t,http://www.shapenotecds.com/wp-content/uploads/2018/10/2018_09_29Union33.mp3
285b,http://www.shapenotecds.com/wp-content/uploads/2018/10/2018_09_29Union34.mp3
272,http://www.shapenotecds.com/wp-content/uploads/2018/10/2018_09_29Union35.mp3
283,http://www.shapenotecds.com/wp-content/uploads/2018/10/2018_09_29Union36.mp3
544,http://www.shapenotecds.com/wp-content/uploads/2018/10/2018_09_29Union37.mp3
109,http://www.shapenotecds.com/wp-content/uploads/2018/10/2018_09_29Union38.mp3
204,http://www.shapenotecds.com/wp-content/uploads/2018/10/2018_09_29Union39.mp3
480,http://www.shapenotecds.com/wp-content/uploads/2018/10/2018_09_29Union40.mp3
455,http://www.shapenotecds.com/wp-content/uploads/2018/10/2018_09_29Union41.mp3
142,http://www.shapenotecds.com/wp-content/uploads/2018/10/2018_09_29Union42.mp3
276,http://www.shapenotecds.com/wp-content/uploads/2018/10/2018_09_29Union43.mp3
45t,http://www.shapenotecds.com/wp-content/uploads/2018/10/2018_09_29Union44.mp3
168,http://www.shapenotecds.com/wp-content/uploads/2018/10/2018_09_29Union45.mp3
300,http://www.shapenotecds.com/wp-content/uploads/2018/10/2018_09_29Union46.mp3
234,http://www.shapenotecds.com/wp-content/uploads/2018/10/2018_09_29Union47.mp3
212,http://www.shapenotecds.com/wp-content/uploads/2018/10/2018_09_29Union48.mp3
106,http://www.shapenotecds.com/wp-content/uploads/2018/10/2018_09_29Union49.mp3
162,http://www.shapenotecds.com/wp-content/uploads/2018/10/2018_09_29Union50.mp3
195,http://www.shapenotecds.com/wp-content/uploads/2018/10/2018_09_29Union51.mp3
528,http://www.shapenotecds.com/wp-content/uploads/2018/10/2018_09_29Union52.mp3
306,http://www.shapenotecds.com/wp-content/uploads/2018/10/2018_09_29Union53.mp3
181,http://www.shapenotecds.com/wp-content/uploads/2018/10/2018_09_29Union54.mp3
444,http://www.shapenotecds.com/wp-content/uploads/2018/10/2018_09_29Union55.mp3
99,http://www.shapenotecds.com/wp-content/uploads/2018/10/2018_09_29Union56.mp3
446,http://www.shapenotecds.com/wp-content/uploads/2018/10/2018_09_29Union57.mp3
565,http://www.shapenotecds.com/wp-content/uploads/2018/10/2018_09_29Union58.mp3
150,http://www.shapenotecds.com/wp-content/uploads/2018/10/2018_09_29Union59.mp3
420,http://www.shapenotecds.com/wp-content/uploads/2018/10/2018_09_29Union60.mp3
222,http://www.shapenotecds.com/wp-content/uploads/2018/10/2018_09_29Union61.mp3
137,http://www.shapenotecds.com/wp-content/uploads/2018/10/2018_09_29Union62.mp3
227,http://www.shapenotecds.com/wp-content/uploads/2018/10/2018_09_29Union63.mp3
154,http://www.shapenotecds.com/wp-content/uploads/2018/10/2018_09_29Union64.mp3
503,http://www.shapenotecds.com/wp-content/uploads/2018/10/2018_09_29Union65.mp3
216,http://www.shapenotecds.com/wp-content/uploads/2018/10/2018_09_29Union66.mp3
304,http://www.shapenotecds.com/wp-content/uploads/2018/10/2018_09_29Union67.mp3
123b,http://www.shapenotecds.com/wp-content/uploads/2018/10/2018_09_29Union68.mp3
562,http://www.shapenotecds.com/wp-content/uploads/2018/10/2018_09_29Union69.mp3
146,http://www.shapenotecds.com/wp-content/uploads/2018/10/2018_09_29Union70.mp3
477,http://www.shapenotecds.com/wp-content/uploads/2018/10/2018_09_29Union71.mp3
49b,http://www.shapenotecds.com/wp-content/uploads/2018/10/2018_09_29Union72.mp3
28b,http://www.shapenotecds.com/wp-content/uploads/2018/10/2018_09_29Union73.mp3
492,http://www.shapenotecds.com/wp-content/uploads/2018/10/2018_09_29Union74.mp3
268,http://www.shapenotecds.com/wp-content/uploads/2018/10/2018_09_29Union75.mp3
336,http://www.shapenotecds.com/wp-content/uploads/2018/10/2018_09_29Union76.mp3
215,http://www.shapenotecds.com/wp-content/uploads/2018/10/2018_09_29Union77.mp3
159,http://www.shapenotecds.com/wp-content/uploads/2018/10/2018_09_29Union78.mp3
149,http://www.shapenotecds.com/wp-content/uploads/2018/10/2018_09_29Union79.mp3
105,http://www.shapenotecds.com/wp-content/uploads/2018/10/2018_09_29Union80.mp3
323t,http://www.shapenotecds.com/wp-content/uploads/2018/10/2018_09_29Union81.mp3
89,http://www.shapenotecds.com/wp-content/uploads/2018/10/2018_09_30Union01.mp3
59,http://www.shapenotecds.com/wp-content/uploads/2018/10/2018_09_30Union02.mp3
465,http://www.shapenotecds.com/wp-content/uploads/2018/10/2018_09_30Union03.mp3
505,http://www.shapenotecds.com/wp-content/uploads/2018/10/2018_09_30Union04.mp3
313b,http://www.shapenotecds.com/wp-content/uploads/2018/10/2018_09_30Union05.mp3
353,http://www.shapenotecds.com/wp-content/uploads/2018/10/2018_09_30Union06.mp3
351,http://www.shapenotecds.com/wp-content/uploads/2018/10/2018_09_30Union07.mp3
76t,http://www.shapenotecds.com/wp-content/uploads/2018/10/2018_09_30Union08.mp3
123t,http://www.shapenotecds.com/wp-content/uploads/2018/10/2018_09_30Union09.mp3
235,http://www.shapenotecds.com/wp-content/uploads/2018/10/2018_09_30Union10.mp3
170,http://www.shapenotecds.com/wp-content/uploads/2018/10/2018_09_30Union11.mp3
44,http://www.shapenotecds.com/wp-content/uploads/2018/10/2018_09_30Union12.mp3
93,http://www.shapenotecds.com/wp-content/uploads/2018/10/2018_09_30Union13.mp3
410t,http://www.shapenotecds.com/wp-content/uploads/2018/10/2018_09_30Union14.mp3
410b,http://www.shapenotecds.com/wp-content/uploads/2018/10/2018_09_30Union15.mp3
453,http://www.shapenotecds.com/wp-content/uploads/2018/10/2018_09_30Union16.mp3
85,http://www.shapenotecds.com/wp-content/uploads/2018/10/2018_09_30Union17.mp3
87,http://www.shapenotecds.com/wp-content/uploads/2018/10/2018_09_30Union18.mp3
271t,http://www.shapenotecds.com/wp-content/uploads/2018/10/2018_09_30Union19.mp3
145,http://www.shapenotecds.com/wp-content/uploads/2018/10/2018_09_30Union20.mp3
155,http://www.shapenotecds.com/wp-content/uploads/2018/10/2018_09_30Union21.mp3
467,http://www.shapenotecds.com/wp-content/uploads/2018/10/2018_09_30Union22.mp3
354t,http://www.shapenotecds.com/wp-content/uploads/2018/10/2018_09_30Union23.mp3
542,http://www.shapenotecds.com/wp-content/uploads/2018/10/2018_09_30Union24.mp3
196,http://www.shapenotecds.com/wp-content/uploads/2018/10/2018_09_30Union25.mp3
399t,http://www.shapenotecds.com/wp-content/uploads/2018/10/2018_09_30Union26.mp3
385b,http://www.shapenotecds.com/wp-content/uploads/2018/10/2018_09_30Union27.mp3
475,http://www.shapenotecds.com/wp-content/uploads/2018/10/2018_09_30Union28.mp3
556,http://www.shapenotecds.com/wp-content/uploads/2018/10/2018_09_30Union29.mp3
468,http://www.shapenotecds.com/wp-content/uploads/2018/10/2018_09_30Union30.mp3
466,http://www.shapenotecds.com/wp-content/uploads/2018/10/2018_09_30Union31.mp3
270,http://www.shapenotecds.com/wp-content/uploads/2018/10/2018_09_30Union32.mp3
178,http://www.shapenotecds.com/wp-content/uploads/2018/10/2018_09_30Union33.mp3
101t,http://www.shapenotecds.com/wp-content/uploads/2018/10/2018_09_30Union34.mp3
480,http://www.shapenotecds.com/wp-content/uploads/2018/10/2018_09_30Union35.mp3
421,http://www.shapenotecds.com/wp-content/uploads/2018/10/2018_09_30Union36.mp3
136,http://www.shapenotecds.com/wp-content/uploads/2018/10/2018_09_30Union37.mp3
317,http://www.shapenotecds.com/wp-content/uploads/2018/10/2018_09_30Union38.mp3
314,http://www.shapenotecds.com/wp-content/uploads/2018/10/2018_09_30Union39.mp3
36b,http://www.shapenotecds.com/wp-content/uploads/2018/10/2018_09_30Union40.mp3
108b,http://www.shapenotecds.com/wp-content/uploads/2018/10/2018_09_30Union41.mp3
192,http://www.shapenotecds.com/wp-content/uploads/2018/10/2018_09_30Union42.mp3
100,http://www.shapenotecds.com/wp-content/uploads/2018/10/2018_09_30Union43.mp3
109,http://www.shapenotecds.com/wp-content/uploads/2018/10/2018_09_30Union44.mp3
312t,http://www.shapenotecds.com/wp-content/uploads/2018/10/2018_09_30Union45.mp3
312b,http://www.shapenotecds.com/wp-content/uploads/2018/10/2018_09_30Union46.mp3
390,http://www.shapenotecds.com/wp-content/uploads/2018/10/2018_09_30Union47.mp3
48t,http://www.shapenotecds.com/wp-content/uploads/2018/10/2018_09_30Union48.mp3
82t,http://www.shapenotecds.com/wp-content/uploads/2018/10/2018_09_30Union49.mp3
370,http://www.shapenotecds.com/wp-content/uploads/2018/10/2018_09_30Union50.mp3
382,http://www.shapenotecds.com/wp-content/uploads/2018/10/2018_09_30Union51.mp3
486,http://www.shapenotecds.com/wp-content/uploads/2018/10/2018_09_30Union52.mp3
228,http://www.shapenotecds.com/wp-content/uploads/2018/10/2018_09_30Union53.mp3
203,http://www.shapenotecds.com/wp-content/uploads/2018/10/2018_09_30Union54.mp3
383,http://www.shapenotecds.com/wp-content/uploads/2018/10/2018_09_30Union55.mp3
386,http://www.shapenotecds.com/wp-content/uploads/2018/10/2018_09_30Union56.mp3
232,http://www.shapenotecds.com/wp-content/uploads/2018/10/2018_09_30Union57.mp3
38b,http://www.shapenotecds.com/wp-content/uploads/2018/10/2018_09_30Union58.mp3
472,http://www.shapenotecds.com/wp-content/uploads/2018/10/2018_09_30Union59.mp3
39b,http://www.shapenotecds.com/wp-content/uploads/2018/10/2018_09_30Union60.mp3
84,http://www.shapenotecds.com/wp-content/uploads/2018/10/2018_09_30Union61.mp3
186,http://www.shapenotecds.com/wp-content/uploads/2018/10/2018_09_30Union62.mp3
299,http://www.shapenotecds.com/wp-content/uploads/2018/10/2018_09_30Union63.mp3
66,http://www.shapenotecds.com/wp-content/uploads/2018/10/2018_09_30Union64.mp3
328,http://www.shapenotecds.com/wp-content/uploads/2018/10/2018_09_30Union65.mp3
457,http://www.shapenotecds.com/wp-content/uploads/2018/10/2018_09_30Union66.mp3
33t,http://www.shapenotecds.com/wp-content/uploads/2018/10/2018_09_30Union67.mp3
56b,http://www.shapenotecds.com/wp-content/uploads/2018/10/2018_09_30Union68.mp3
73t,http://www.shapenotecds.com/wp-content/uploads/2018/10/2018_09_30Union69.mp3
32t,http://www.shapenotecds.com/wp-content/uploads/2018/10/2018_09_30Union70.mp3
543,http://www.shapenotecds.com/wp-content/uploads/2018/10/2018_09_30Union71.mp3
124,http://www.shapenotecds.com/wp-content/uploads/2018/10/2018_09_30Union72.mp3
348b,http://www.shapenotecds.com/wp-content/uploads/2018/10/2018_09_30Union73.mp3
72b,http://www.shapenotecds.com/wp-content/uploads/2018/10/2018_09_30Union74.mp3
371,http://www.shapenotecds.com/wp-content/uploads/2018/10/2018_09_30Union75.mp3
344,http://www.shapenotecds.com/wp-content/uploads/2018/10/2018_09_30Union76.mp3
448t,http://www.shapenotecds.com/wp-content/uploads/2018/10/2018_09_30Union77.mp3
146,http://www.shapenotecds.com/wp-content/uploads/2018/10/2018_09_30Union78.mp3
