101t,"https://cork-sacred-harp.s3.amazonaws.com/Cork+Sacred+Harp+-+The+Fourth+Ireland+Convention,+2014+(Saturday)+-+01+01+101t+Canaan's+Land+-+Amanda+Parkes.mp3"
171,"https://cork-sacred-harp.s3.amazonaws.com/Cork+Sacred+Harp+-+The+Fourth+Ireland+Convention,+2014+(Saturday)+-+02+02+171+Exhortation+(First)+-+Declan+Synnott.mp3"
28b,"https://cork-sacred-harp.s3.amazonaws.com/Cork+Sacred+Harp+-+The+Fourth+Ireland+Convention,+2014+(Saturday)+-+03+03+28b+Wells+-+Bryan+Seale.mp3"
48t,"https://cork-sacred-harp.s3.amazonaws.com/Cork+Sacred+Harp+-+The+Fourth+Ireland+Convention,+2014+(Saturday)+-+04+04+48t+Devotion+-+Sinéad+Hanrahan.mp3"
228,"https://cork-sacred-harp.s3.amazonaws.com/Cork+Sacred+Harp+-+The+Fourth+Ireland+Convention,+2014+(Saturday)+-+05+05+228+Marlborough+-+Eamonn+O'Neill.mp3"
229,"https://cork-sacred-harp.s3.amazonaws.com/Cork+Sacred+Harp+-+The+Fourth+Ireland+Convention,+2014+(Saturday)+-+06+06+229+New+Jerusalem+-+Dara+Desmond.mp3"
89,"https://cork-sacred-harp.s3.amazonaws.com/Cork+Sacred+Harp+-+The+Fourth+Ireland+Convention,+2014+(Saturday)+-+07+07+89+Church's+Desolation+-+Colin+Duggan.mp3"
474,"https://cork-sacred-harp.s3.amazonaws.com/Cork+Sacred+Harp+-+The+Fourth+Ireland+Convention,+2014+(Saturday)+-+08+08+474+Mount+Desert+-+Lisa+O'Grady.mp3"
30t,"https://cork-sacred-harp.s3.amazonaws.com/Cork+Sacred+Harp+-+The+Fourth+Ireland+Convention,+2014+(Saturday)+-+09+09+30t+Invocation+-+Sadhbh+O'Flynn.mp3"
344,"https://cork-sacred-harp.s3.amazonaws.com/Cork+Sacred+Harp+-+The+Fourth+Ireland+Convention,+2014+(Saturday)+-+10+10+344+Rainbow+-+Leah+Hearne.mp3"
37b,"https://cork-sacred-harp.s3.amazonaws.com/Cork+Sacred+Harp+-+The+Fourth+Ireland+Convention,+2014+(Saturday)+-+11+11+37b+Liverpool+-+Fynn+Titford-Mock.mp3"
481,"https://cork-sacred-harp.s3.amazonaws.com/Cork+Sacred+Harp+-+The+Fourth+Ireland+Convention,+2014+(Saturday)+-+12+12+481+Novakoski+-+Juniper+Hill.mp3"
102,"https://cork-sacred-harp.s3.amazonaws.com/Cork+Sacred+Harp+-+The+Fourth+Ireland+Convention,+2014+(Saturday)+-+14+14+102+Fulfillment+-+Claire+Hogan.mp3"
196,"https://cork-sacred-harp.s3.amazonaws.com/Cork+Sacred+Harp+-+The+Fourth+Ireland+Convention,+2014+(Saturday)+-+15+15+196+Alabama+-+Liam+Kirby.mp3"
217,"https://cork-sacred-harp.s3.amazonaws.com/Cork+Sacred+Harp+-+The+Fourth+Ireland+Convention,+2014+(Saturday)+-+16+16+217+Ballstown+-+Carmel+Wood.mp3"
193,"https://cork-sacred-harp.s3.amazonaws.com/Cork+Sacred+Harp+-+The+Fourth+Ireland+Convention,+2014+(Saturday)+-+17+17+193+Huntington+-+Matthew+Robley.mp3"
546,"https://cork-sacred-harp.s3.amazonaws.com/Cork+Sacred+Harp+-+The+Fourth+Ireland+Convention,+2014+(Saturday)+-+18+18+546+My+Brightest+Days+-+Ted+Brown.mp3"
29t,"https://cork-sacred-harp.s3.amazonaws.com/Cork+Sacred+Harp+-+The+Fourth+Ireland+Convention,+2014+(Saturday)+-+19+19+29t+Fairfield+-+Alex+Dixon.mp3"
39t,"https://cork-sacred-harp.s3.amazonaws.com/Cork+Sacred+Harp+-+The+Fourth+Ireland+Convention,+2014+(Saturday)+-+20+20+39t+Detroit+-+Cath+Saunt.mp3"
57,"https://cork-sacred-harp.s3.amazonaws.com/Cork+Sacred+Harp+-+The+Fourth+Ireland+Convention,+2014+(Saturday)+-+21+21+57+Christian+Soldier+-+Guy+Hayes.mp3"
270,"https://cork-sacred-harp.s3.amazonaws.com/Cork+Sacred+Harp+-+The+Fourth+Ireland+Convention,+2014+(Saturday)+-+22+22+270+Confidence+-+Eimear+O'Donovan.mp3"
340,"https://cork-sacred-harp.s3.amazonaws.com/Cork+Sacred+Harp+-+The+Fourth+Ireland+Convention,+2014+(Saturday)+-+23+23+340+Odem+(Second)+-+Kate+Kirwan.mp3"
294,"https://cork-sacred-harp.s3.amazonaws.com/Cork+Sacred+Harp+-+The+Fourth+Ireland+Convention,+2014+(Saturday)+-+24+24+294+Rocky+Road+-+Nancy+Kulik.mp3"
548,"https://cork-sacred-harp.s3.amazonaws.com/Cork+Sacred+Harp+-+The+Fourth+Ireland+Convention,+2014+(Saturday)+-+25+25+548+Wootten+-+Sarah+Hill.mp3"
430,"https://cork-sacred-harp.s3.amazonaws.com/Cork+Sacred+Harp+-+The+Fourth+Ireland+Convention,+2014+(Saturday)+-+26+26+430+Arbacoochee+-+Steve+Brett.mp3"
475,"https://cork-sacred-harp.s3.amazonaws.com/Cork+Sacred+Harp+-+The+Fourth+Ireland+Convention,+2014+(Saturday)+-+27+27+475+A+Thankful+Heart+-+Pauline+Hyde.mp3"
126,"https://cork-sacred-harp.s3.amazonaws.com/Cork+Sacred+Harp+-+The+Fourth+Ireland+Convention,+2014+(Saturday)+-+28+28+126+Babel's+Streams+-+Arthur+Swindells.mp3"
197,"https://cork-sacred-harp.s3.amazonaws.com/Cork+Sacred+Harp+-+The+Fourth+Ireland+Convention,+2014+(Saturday)+-+29+29+197+Georgia+-+Rebecca+Over.mp3"
504,"https://cork-sacred-harp.s3.amazonaws.com/Cork+Sacred+Harp+-+The+Fourth+Ireland+Convention,+2014+(Saturday)+-+30+30+504+Wood+Street+-+Beth+Gregory+Dixon.mp3"
480,"https://cork-sacred-harp.s3.amazonaws.com/Cork+Sacred+Harp+-+The+Fourth+Ireland+Convention,+2014+(Saturday)+-+31+31+480+Redemption+-+Vicki+Elliott+and+Edd+Bennett.mp3"
455,"https://cork-sacred-harp.s3.amazonaws.com/Cork+Sacred+Harp+-+The+Fourth+Ireland+Convention,+2014+(Saturday)+-+32+32+455+Soar+Away+-+Nick+Hall.mp3"
267,"https://cork-sacred-harp.s3.amazonaws.com/Cork+Sacred+Harp+-+The+Fourth+Ireland+Convention,+2014+(Saturday)+-+33+33+267+Parting+Friends+(First)+-+Mark+Cosgrave.mp3"
84,"https://cork-sacred-harp.s3.amazonaws.com/Cork+Sacred+Harp+-+The+Fourth+Ireland+Convention,+2014+(Saturday)+-+34+34+84+Amsterdam+-+Colleen+Jones.mp3"
104,"https://cork-sacred-harp.s3.amazonaws.com/Cork+Sacred+Harp+-+The+Fourth+Ireland+Convention,+2014+(Saturday)+-+35+35+104+A+Lovely+Story+-+Kevin+Kennedy.mp3"
272,"https://cork-sacred-harp.s3.amazonaws.com/Cork+Sacred+Harp+-+The+Fourth+Ireland+Convention,+2014+(Saturday)+-+36+36+272+Exhortation+(Second)+-+Susannah+Gill.mp3"
464,"https://cork-sacred-harp.s3.amazonaws.com/Cork+Sacred+Harp+-+The+Fourth+Ireland+Convention,+2014+(Saturday)+-+37+37+464+Sheppard+-+Joe+Vickers.mp3"
95b,"https://cork-sacred-harp.s3.amazonaws.com/Cork+Sacred+Harp+-+The+Fourth+Ireland+Convention,+2014+(Saturday)+-+38+38+95b+Vernon+-+Aaron+Kahn.mp3"
568,"https://cork-sacred-harp.s3.amazonaws.com/Cork+Sacred+Harp+-+The+Fourth+Ireland+Convention,+2014+(Saturday)+-+39+39+568+I+Want+To+Go+To+Heaven+-+Sarah+West.mp3"
166,"https://cork-sacred-harp.s3.amazonaws.com/Cork+Sacred+Harp+-+The+Fourth+Ireland+Convention,+2014+(Saturday)+-+40+40+166+Still+Better+-+Nigel+Bowley.mp3"
311,"https://cork-sacred-harp.s3.amazonaws.com/Cork+Sacred+Harp+-+The+Fourth+Ireland+Convention,+2014+(Saturday)+-+41+41+311+Silver+Street+-+Nic+Zuppardi.mp3"
505,"https://cork-sacred-harp.s3.amazonaws.com/Cork+Sacred+Harp+-+The+Fourth+Ireland+Convention,+2014+(Saturday)+-+42+42+505+Where+Ceaseless+Ages+Roll+-+Phil+Tyler.mp3"
489,"https://cork-sacred-harp.s3.amazonaws.com/Cork+Sacred+Harp+-+The+Fourth+Ireland+Convention,+2014+(Saturday)+-+43+43+489+The+Saviour's+Call+-+Elisabeth+Schallwig.mp3"
112,"https://cork-sacred-harp.s3.amazonaws.com/Cork+Sacred+Harp+-+The+Fourth+Ireland+Convention,+2014+(Saturday)+-+44+44+112+The+Last+Words+of+Copernicus+-+Áine+Uí+Cheallaigh.mp3"
186,"https://cork-sacred-harp.s3.amazonaws.com/Cork+Sacred+Harp+-+The+Fourth+Ireland+Convention,+2014+(Saturday)+-+45+45+186+Sherburne+-+Vicky+Langan+and+Thom+Fahrbach.mp3"
339,"https://cork-sacred-harp.s3.amazonaws.com/Cork+Sacred+Harp+-+The+Fourth+Ireland+Convention,+2014+(Saturday)+-+46+46+339+When+I+Am+Gone+-+Lizzie+Dye.mp3"
147t,"https://cork-sacred-harp.s3.amazonaws.com/Cork+Sacred+Harp+-+The+Fourth+Ireland+Convention,+2014+(Saturday)+-+47+47+147t+Boylston+-+Ophir+Ilzetzki.mp3"
227,"https://cork-sacred-harp.s3.amazonaws.com/Cork+Sacred+Harp+-+The+Fourth+Ireland+Convention,+2014+(Saturday)+-+48+48+227+Ode+on+Life's+Journey+-+Al+McCready.mp3"
180,"https://cork-sacred-harp.s3.amazonaws.com/Cork+Sacred+Harp+-+The+Fourth+Ireland+Convention,+2014+(Saturday)+-+49+49+180+Vermont+-+Al+Brown.mp3"
178,"https://cork-sacred-harp.s3.amazonaws.com/Cork+Sacred+Harp+-+The+Fourth+Ireland+Convention,+2014+(Saturday)+-+50+50+178+Africa+-+Ewan+Paterson.mp3"
181,"https://cork-sacred-harp.s3.amazonaws.com/Cork+Sacred+Harp+-+The+Fourth+Ireland+Convention,+2014+(Saturday)+-+51+51+181+Exit+-+Emma+Rock.mp3"
59,"https://cork-sacred-harp.s3.amazonaws.com/Cork+Sacred+Harp+-+The+Fourth+Ireland+Convention,+2014+(Saturday)+-+52+52+59+Holy+Manna+-+Meghan+Lewis+and+Al+McCready.mp3"
346,"https://cork-sacred-harp.s3.amazonaws.com/Cork+Sacred+Harp+-+The+Fourth+Ireland+Convention,+2014+(Saturday)+-+53+53+346+The+American+Star+-+Francis+Gaskin.mp3"
144,"https://cork-sacred-harp.s3.amazonaws.com/Cork+Sacred+Harp+-+The+Fourth+Ireland+Convention,+2014+(Saturday)+-+54+54+144+Jubilee+-+Sadhbh+O'Flynn.mp3"
312b,"https://cork-sacred-harp.s3.amazonaws.com/Cork+Sacred+Harp+-+The+Fourth+Ireland+Convention,+2014+(Saturday)+-+55+55+312b+Restoration+(First)+-+Renata+Pekowska.mp3"
411,"https://cork-sacred-harp.s3.amazonaws.com/Cork+Sacred+Harp+-+The+Fourth+Ireland+Convention,+2014+(Saturday)+-+56+56+411+Morning+Prayer+-+Helen+Brown.mp3"
269,"https://cork-sacred-harp.s3.amazonaws.com/Cork+Sacred+Harp+-+The+Fourth+Ireland+Convention,+2014+(Saturday)+-+57+57+269+Bear+Creek+-+Fallon+Cook.mp3"
534,"https://cork-sacred-harp.s3.amazonaws.com/Cork+Sacred+Harp+-+The+Fourth+Ireland+Convention,+2014+(Saturday)+-+58+58+534+New+Georgia+-+Ben+Copenhaver.mp3"
460,"https://cork-sacred-harp.s3.amazonaws.com/Cork+Sacred+Harp+-+The+Fourth+Ireland+Convention,+2014+(Saturday)+-+59+59+460+Sardis+-+Michael+Walker+and+Carmel+Wood.mp3"
426b,"https://cork-sacred-harp.s3.amazonaws.com/Cork+Sacred+Harp+-+The+Fourth+Ireland+Convention,+2014+(Saturday)+-+60+60+426b+Jasper+-+Steve+Helwig.mp3"
386,"https://cork-sacred-harp.s3.amazonaws.com/Cork+Sacred+Harp+-+The+Fourth+Ireland+Convention,+2014+(Saturday)+-+61+61+386+Christ+Our+Song.mp3"
496,"https://cork-sacred-harp.s3.amazonaws.com/Cork+Sacred+Harp+-+The+Fourth+Ireland+Convention,+2014+(Saturday)+-+62+62+496+The+Rock+That+Is+Higher+Than+I+-+Steven+Levine.mp3"
454,"https://cork-sacred-harp.s3.amazonaws.com/Cork+Sacred+Harp+-+The+Fourth+Ireland+Convention,+2014+(Saturday)+-+63+63+454+The+Better+Land+-+Eva+Striebeck.mp3"
204,"https://cork-sacred-harp.s3.amazonaws.com/Cork+Sacred+Harp+-+The+Fourth+Ireland+Convention,+2014+(Saturday)+-+64+64+204+Mission+-+Duane+Nasis.mp3"
216,"https://cork-sacred-harp.s3.amazonaws.com/Cork+Sacred+Harp+-+The+Fourth+Ireland+Convention,+2014+(Saturday)+-+65+65+216+Delight+-+Melissa+Kelley.mp3"
88t,"https://cork-sacred-harp.s3.amazonaws.com/Cork+Sacred+Harp+-+The+Fourth+Ireland+Convention,+2014+(Saturday)+-+66+66+88t+Done+With+The+World+-+Magdalena+Gryzsko.mp3"
439,"https://cork-sacred-harp.s3.amazonaws.com/Cork+Sacred+Harp+-+The+Fourth+Ireland+Convention,+2014+(Saturday)+-+67+67+439+Jordan+-+Thom+Fahrbach.mp3"
436,"https://cork-sacred-harp.s3.amazonaws.com/Cork+Sacred+Harp+-+The+Fourth+Ireland+Convention,+2014+(Saturday)+-+68+68+436+Morning+Sun+-+Erin+Johnson-Hill.mp3"
442,"https://cork-sacred-harp.s3.amazonaws.com/Cork+Sacred+Harp+-+The+Fourth+Ireland+Convention,+2014+(Saturday)+-+69+69+442+New+Jordan+-+Rachel+Wells+Hall.mp3"
524,"https://cork-sacred-harp.s3.amazonaws.com/Cork+Sacred+Harp+-+The+Fourth+Ireland+Convention,+2014+(Saturday)+-+70+70+524+The+Twenty-Third+Psalm+-+Gosia+Perycz.mp3"
182,"https://cork-sacred-harp.s3.amazonaws.com/Cork+Sacred+Harp+-+The+Fourth+Ireland+Convention,+2014+(Saturday)+-+71+71+182+Newburgh+-+Ian+West.mp3"
384,"https://cork-sacred-harp.s3.amazonaws.com/Cork+Sacred+Harp+-+The+Fourth+Ireland+Convention,+2014+(Saturday)+-+72+72+384+Panting+For+Heaven+-+Stephanie+Argo.mp3"
38b,"https://cork-sacred-harp.s3.amazonaws.com/Cork+Sacred+Harp+-+The+Fourth+Ireland+Convention,+2014+(Saturday)+-+73+73+38b+Windham+-+Anna+Keller+and+Erin+Johnson-Hill.mp3"
189,"https://cork-sacred-harp.s3.amazonaws.com/Cork+Sacred+Harp+-+The+Fourth+Ireland+Convention,+2014+(Saturday)+-+74+74+189+Montgomery+-+Ella+Cumber.mp3"
290,"https://cork-sacred-harp.s3.amazonaws.com/Cork+Sacred+Harp+-+The+Fourth+Ireland+Convention,+2014+(Saturday)+-+75+75+290+Victoria+-+Dara+Desmond.mp3"
53,"https://cork-sacred-harp.s3.amazonaws.com/Cork+Sacred+Harp+-+The+Fourth+Ireland+Convention,+2014+(Saturday)+-+76+76+53+Jerusalem+-+Lamon+French.mp3"
76b,"https://cork-sacred-harp.s3.amazonaws.com/Cork+Sacred+Harp+-+The+Fourth+Ireland+Convention,+2014+(Saturday)+-+77+77+76b+Desire+For+Piety+-+Amanda+Joekerst.mp3"
380,"https://cork-sacred-harp.s3.amazonaws.com/Cork+Sacred+Harp+-+The+Fourth+Ireland+Convention,+2014+(Saturday)+-+78+78+380+Lawrenceburg+-+Tom+Ivey.mp3"
406,"https://cork-sacred-harp.s3.amazonaws.com/Cork+Sacred+Harp+-+The+Fourth+Ireland+Convention,+2014+(Saturday)+-+79+79+406+New+Harmony+-+Calum+Woods.mp3"
325,"https://cork-sacred-harp.s3.amazonaws.com/Cork+Sacred+Harp+-+The+Fourth+Ireland+Convention,+2014+(Saturday)+-+80+80+325+Soldier+Of+The+Cross+-+Katy+Kanfer.mp3"
268,"https://cork-sacred-harp.s3.amazonaws.com/Cork+Sacred+Harp+-+The+Fourth+Ireland+Convention,+2014+(Saturday)+-+81+81+268+David's+Lamentation+-+Rob+Mahoney.mp3"
528,"https://cork-sacred-harp.s3.amazonaws.com/Cork+Sacred+Harp+-+The+Fourth+Ireland+Convention,+2014+(Saturday)+-+82+82+528+Showers+Of+Blessings+-+Karen+Swensonn.mp3"
538,"https://cork-sacred-harp.s3.amazonaws.com/Cork+Sacred+Harp+-+The+Fourth+Ireland+Convention,+2014+(Saturday)+-+83+83+538+Hampton+-+Rachel+Jordan.mp3"
323b,"https://cork-sacred-harp.s3.amazonaws.com/Cork+Sacred+Harp+-+The+Fourth+Ireland+Convention,+2014+(Saturday)+-+84+84+323b+Soft+Music+-+Timothy+Morton.mp3"
142,"https://cork-sacred-harp.s3.amazonaws.com/Cork+Sacred+Harp+-+The+Fourth+Ireland+Convention,+2014+(Saturday)+-+85+85+142+Stratfield+-+Marjorie+Brown.mp3"
209,"https://cork-sacred-harp.s3.amazonaws.com/Cork+Sacred+Harp+-+The+Fourth+Ireland+Convention,+2014+(Saturday)+-+86+86+209+Evening+Shade+-+Janos+David+Richard+and+Bryan+Seale.mp3"
225t,"https://cork-sacred-harp.s3.amazonaws.com/Cork+Sacred+Harp+-+The+Fourth+Ireland+Convention,+2014+(Saturday)+-+87+87+225t+Reynolds+-+Ted+Brown+and+Paul+O'Callaghan.mp3"
192,"https://cork-sacred-harp.s3.amazonaws.com/Cork+Sacred+Harp+-+The+Fourth+Ireland+Convention,+2014+(Saturday)+-+88+88+192+Schenectady+-+Fallon+Cook.mp3"
24b,"https://cork-sacred-harp.s3.amazonaws.com/Cork+Sacred+Harp+-+The+Fourth+Ireland+Convention,+2014+(Saturday)+-+89+89+24b+Rudimentary+-+Sam+Sommers.mp3"
131b,"https://cork-sacred-harp.s3.amazonaws.com/Cork+Sacred+Harp+-+The+Fourth+Ireland+Convention,+2014+(Saturday)+-+90+90+131b+Invocation+-+Duane+Nasis+and+Ella+Cumber.mp3"
472,"https://cork-sacred-harp.s3.amazonaws.com/Cork+Sacred+Harp+-+The+Fourth+Ireland+Convention,+2014+(Saturday)+-+91+92+472+Akin+-+Amanda+Parkes.mp3"
42,"https://cork-sacred-harp.s3.amazonaws.com/Cork+Sacred+Harp+-+The+Fourth+Ireland+Convention,+2014+(Sunday)+-+01+01+42+Clamanda+-+Amanda+Parkes.mp3"
102,"https://cork-sacred-harp.s3.amazonaws.com/Cork+Sacred+Harp+-+The+Fourth+Ireland+Convention,+2014+(Sunday)+-+02+02+102+Fulfillment+-+Declan+Synnott.mp3"
155,"https://cork-sacred-harp.s3.amazonaws.com/Cork+Sacred+Harp+-+The+Fourth+Ireland+Convention,+2014+(Sunday)+-+03+03+155+Northfield+-+Bryan+Seale.mp3"
133,"https://cork-sacred-harp.s3.amazonaws.com/Cork+Sacred+Harp+-+The+Fourth+Ireland+Convention,+2014+(Sunday)+-+04+04+133+Hebrew+Children+-+Dara+Desmond.mp3"
479,"https://cork-sacred-harp.s3.amazonaws.com/Cork+Sacred+Harp+-+The+Fourth+Ireland+Convention,+2014+(Sunday)+-+05+05+479+Chester+-+Colleen+Jones.mp3"
224,"https://cork-sacred-harp.s3.amazonaws.com/Cork+Sacred+Harp+-+The+Fourth+Ireland+Convention,+2014+(Sunday)+-+06+06+224+Save,+Lord,+Or+We+Perish+-+Lisa+O'Grady.mp3"
335,"https://cork-sacred-harp.s3.amazonaws.com/Cork+Sacred+Harp+-+The+Fourth+Ireland+Convention,+2014+(Sunday)+-+07+07+335+Return+Again+-+Sinéad+Hanrahan.mp3"
29t,"https://cork-sacred-harp.s3.amazonaws.com/Cork+Sacred+Harp+-+The+Fourth+Ireland+Convention,+2014+(Sunday)+-+08+08+29t+Fairfield+-+Sadhbh+O'Flynn.mp3"
47t,"https://cork-sacred-harp.s3.amazonaws.com/Cork+Sacred+Harp+-+The+Fourth+Ireland+Convention,+2014+(Sunday)+-+09+09+47t+Primrose+-+Eimear+O'Donovan.mp3"
73t,"https://cork-sacred-harp.s3.amazonaws.com/Cork+Sacred+Harp+-+The+Fourth+Ireland+Convention,+2014+(Sunday)+-+10+10+73t+Cusseta+-+Joe+Vickers.mp3"
31t,"https://cork-sacred-harp.s3.amazonaws.com/Cork+Sacred+Harp+-+The+Fourth+Ireland+Convention,+2014+(Sunday)+-+11+11+31t+Ninety-Third+Psalm+-+Alex+Dixon.mp3"
49b,"https://cork-sacred-harp.s3.amazonaws.com/Cork+Sacred+Harp+-+The+Fourth+Ireland+Convention,+2014+(Sunday)+-+12+12+49b+Mear+-+Ewan+Paterson.mp3"
106,"https://cork-sacred-harp.s3.amazonaws.com/Cork+Sacred+Harp+-+The+Fourth+Ireland+Convention,+2014+(Sunday)+-+13+13+106+Ecstasy+-+Vicky+Langan.mp3"
107,"https://cork-sacred-harp.s3.amazonaws.com/Cork+Sacred+Harp+-+The+Fourth+Ireland+Convention,+2014+(Sunday)+-+14+14+107+Russia+-+Lizzie+Dye,+Cath+Ingham,+Trish+Bater+and+Alan+Williams.mp3"
35,"https://cork-sacred-harp.s3.amazonaws.com/Cork+Sacred+Harp+-+The+Fourth+Ireland+Convention,+2014+(Sunday)+-+15+15+35+Saints+Bound+For+Heaven+-+Guy+Hayes.mp3"
318,"https://cork-sacred-harp.s3.amazonaws.com/Cork+Sacred+Harp+-+The+Fourth+Ireland+Convention,+2014+(Sunday)+-+16+16+318+Present+Joys+-+Leah+Hearne.mp3"
480,"https://cork-sacred-harp.s3.amazonaws.com/Cork+Sacred+Harp+-+The+Fourth+Ireland+Convention,+2014+(Sunday)+-+17+17+480+Redemption+-+Colin+Duggan.mp3"
309,"https://cork-sacred-harp.s3.amazonaws.com/Cork+Sacred+Harp+-+The+Fourth+Ireland+Convention,+2014+(Sunday)+-+18+18+309+Living+Lamb+-+Nigel+Bowley.mp3"
283,"https://cork-sacred-harp.s3.amazonaws.com/Cork+Sacred+Harp+-+The+Fourth+Ireland+Convention,+2014+(Sunday)+-+19+19+283+Sabbath+Morning+-+Duane+Nasis.mp3"
121,"https://cork-sacred-harp.s3.amazonaws.com/Cork+Sacred+Harp+-+The+Fourth+Ireland+Convention,+2014+(Sunday)+-+20+20+121+Florence+-+Sarah+West.mp3"
69b,"https://cork-sacred-harp.s3.amazonaws.com/Cork+Sacred+Harp+-+The+Fourth+Ireland+Convention,+2014+(Sunday)+-+21+21+69b+Farewell+To+All+(First)+-+Phil+Tyler.mp3"
108b,"https://cork-sacred-harp.s3.amazonaws.com/Cork+Sacred+Harp+-+The+Fourth+Ireland+Convention,+2014+(Sunday)+-+22+88+108b+The+Traveler+-+Claire+Hogan.mp3"
354t,"https://cork-sacred-harp.s3.amazonaws.com/Cork+Sacred+Harp+-+The+Fourth+Ireland+Convention,+2014+(Sunday)+-+23+23+354t+Lebanon+-+Pauline+Hyde.mp3"
32t,"https://cork-sacred-harp.s3.amazonaws.com/Cork+Sacred+Harp+-+The+Fourth+Ireland+Convention,+2014+(Sunday)+-+24+24+32t+Corinth+-+Oskar+Kvasnes.mp3"
99,"https://cork-sacred-harp.s3.amazonaws.com/Cork+Sacred+Harp+-+The+Fourth+Ireland+Convention,+2014+(Sunday)+-+25+25+99+Gospel+Trumpet+-+Erin+Johnson-Hill.mp3"
65,"https://cork-sacred-harp.s3.amazonaws.com/Cork+Sacred+Harp+-+The+Fourth+Ireland+Convention,+2014+(Sunday)+-+26+26+65+Sweet+Prospect+-+Amanda+Jokerst.mp3"
558,"https://cork-sacred-harp.s3.amazonaws.com/Cork+Sacred+Harp+-+The+Fourth+Ireland+Convention,+2014+(Sunday)+-+27+27+558+Living+Streams+-+Ella+Cumber.mp3"
215,"https://cork-sacred-harp.s3.amazonaws.com/Cork+Sacred+Harp+-+The+Fourth+Ireland+Convention,+2014+(Sunday)+-+28+28+215+New+Topia+-+Gosia+Perycz.mp3"
122,"https://cork-sacred-harp.s3.amazonaws.com/Cork+Sacred+Harp+-+The+Fourth+Ireland+Convention,+2014+(Sunday)+-+29+29+122+All+Is+Well+-+Steve+Brett.mp3"
532,"https://cork-sacred-harp.s3.amazonaws.com/Cork+Sacred+Harp+-+The+Fourth+Ireland+Convention,+2014+(Sunday)+-+30+30+532+Peace+And+Joy+-+Carmel+of+the+Wood+and+Helen+of+Troy.mp3"
168,"https://cork-sacred-harp.s3.amazonaws.com/Cork+Sacred+Harp+-+The+Fourth+Ireland+Convention,+2014+(Sunday)+-+31+31+168+Cowper+-+Edmund+Richardson.mp3"
274t,"https://cork-sacred-harp.s3.amazonaws.com/Cork+Sacred+Harp+-+The+Fourth+Ireland+Convention,+2014+(Sunday)+-+32+32+274t+The+Golden+Harp+-+Desmond+O'Flynn+and+Sam+Sommers.mp3"
68b,"https://cork-sacred-harp.s3.amazonaws.com/Cork+Sacred+Harp+-+The+Fourth+Ireland+Convention,+2014+(Sunday)+-+33+33+68b+Ortonville+-+Daire+O'Sullivan.mp3"
177,"https://cork-sacred-harp.s3.amazonaws.com/Cork+Sacred+Harp+-+The+Fourth+Ireland+Convention,+2014+(Sunday)+-+34+34+177+The+Christian's+Flight+-+Sarah+Hill.mp3"
111b,"https://cork-sacred-harp.s3.amazonaws.com/Cork+Sacred+Harp+-+The+Fourth+Ireland+Convention,+2014+(Sunday)+-+35+35+111b+To+Die+No+More+-+Magdalena+Gryszko.mp3"
512,"https://cork-sacred-harp.s3.amazonaws.com/Cork+Sacred+Harp+-+The+Fourth+Ireland+Convention,+2014+(Sunday)+-+36+36+512+The+Spirit+Shall+Return+-+CaLum+Woods.mp3"
70b,"https://cork-sacred-harp.s3.amazonaws.com/Cork+Sacred+Harp+-+The+Fourth+Ireland+Convention,+2014+(Sunday)+-+37+37+70b+Save,+Mighty+Lord+-+Arthur+Swindells.mp3"
71,"https://cork-sacred-harp.s3.amazonaws.com/Cork+Sacred+Harp+-+The+Fourth+Ireland+Convention,+2014+(Sunday)+-+38+38+71+Leander+-+Emma+Rock.mp3"
77t,"https://cork-sacred-harp.s3.amazonaws.com/Cork+Sacred+Harp+-+The+Fourth+Ireland+Convention,+2014+(Sunday)+-+39+39+77t+The+Child+Of+Grace+-+Vicki+Elliott+and+Edd+Bennett.mp3"
183,"https://cork-sacred-harp.s3.amazonaws.com/Cork+Sacred+Harp+-+The+Fourth+Ireland+Convention,+2014+(Sunday)+-+40+40+183+Greenwich+-+Hugh+Murphy+and+Amanda+Parkes.mp3"
159,"https://cork-sacred-harp.s3.amazonaws.com/Cork+Sacred+Harp+-+The+Fourth+Ireland+Convention,+2014+(Sunday)+-+41+41+159+Wondrous+Love+-+Eamonn+O'Neill.mp3"
176b,"https://cork-sacred-harp.s3.amazonaws.com/Cork+Sacred+Harp+-+The+Fourth+Ireland+Convention,+2014+(Sunday)+-+42+42+176b+Blooming+Youth+-+Kate+Kirwan.mp3"
70t,"https://cork-sacred-harp.s3.amazonaws.com/Cork+Sacred+Harp+-+The+Fourth+Ireland+Convention,+2014+(Sunday)+-+43+43+70t+Gainsville+-+Alex+Dixon+and+Beth+Gregory+Dixon.mp3"
556,"https://cork-sacred-harp.s3.amazonaws.com/Cork+Sacred+Harp+-+The+Fourth+Ireland+Convention,+2014+(Sunday)+-+44+44+556+Portland+-+Michael+Walker.mp3"
303,"https://cork-sacred-harp.s3.amazonaws.com/Cork+Sacred+Harp+-+The+Fourth+Ireland+Convention,+2014+(Sunday)+-+45+45+303+Heavenly+Land+-+Helen+and+Ted+Brown.mp3"
425,"https://cork-sacred-harp.s3.amazonaws.com/Cork+Sacred+Harp+-+The+Fourth+Ireland+Convention,+2014+(Sunday)+-+46+46+425+Golden+Streets+-+Joe+Jones.mp3"
445,"https://cork-sacred-harp.s3.amazonaws.com/Cork+Sacred+Harp+-+The+Fourth+Ireland+Convention,+2014+(Sunday)+-+47+47+445+Passing+Away+-+Bryan+Seale.mp3"
362,"https://cork-sacred-harp.s3.amazonaws.com/Cork+Sacred+Harp+-+The+Fourth+Ireland+Convention,+2014+(Sunday)+-+48+48+362+Norwich+-+Ophir+Ilzetzki+and+Cath+Saunt.mp3"
391,"https://cork-sacred-harp.s3.amazonaws.com/Cork+Sacred+Harp+-+The+Fourth+Ireland+Convention,+2014+(Sunday)+-+49+49+391+Sounding+Joy+-+Ted+Brown.mp3"
497,"https://cork-sacred-harp.s3.amazonaws.com/Cork+Sacred+Harp+-+The+Fourth+Ireland+Convention,+2014+(Sunday)+-+50+50+497+Natick+-+Steven+Levine.mp3"
105,"https://cork-sacred-harp.s3.amazonaws.com/Cork+Sacred+Harp+-+The+Fourth+Ireland+Convention,+2014+(Sunday)+-+51+51+105+Jewett+-+Mr+Susannah+Gill.mp3"
47b,"https://cork-sacred-harp.s3.amazonaws.com/Cork+Sacred+Harp+-+The+Fourth+Ireland+Convention,+2014+(Sunday)+-+52+52+47b+Idumea+-+Fallon+Cook.mp3"
564,"https://cork-sacred-harp.s3.amazonaws.com/Cork+Sacred+Harp+-+The+Fourth+Ireland+Convention,+2014+(Sunday)+-+53+53+564+Zion+-+Thom+Fahrbach.mp3"
327,"https://cork-sacred-harp.s3.amazonaws.com/Cork+Sacred+Harp+-+The+Fourth+Ireland+Convention,+2014+(Sunday)+-+54+54+327+Invitation+-+Karen+Swenson.mp3"
316,"https://cork-sacred-harp.s3.amazonaws.com/Cork+Sacred+Harp+-+The+Fourth+Ireland+Convention,+2014+(Sunday)+-+55+55+316+New+Hope+-+Sam+Sommers.mp3"
278b,"https://cork-sacred-harp.s3.amazonaws.com/Cork+Sacred+Harp+-+The+Fourth+Ireland+Convention,+2014+(Sunday)+-+56+56+278b+Travelling+Pilgrim+-+Rebecca+Over.mp3"
334,"https://cork-sacred-harp.s3.amazonaws.com/Cork+Sacred+Harp+-+The+Fourth+Ireland+Convention,+2014+(Sunday)+-+57+57+334+Oh+Come+Away+-+Steve+Helwig.mp3"
447,"https://cork-sacred-harp.s3.amazonaws.com/Cork+Sacred+Harp+-+The+Fourth+Ireland+Convention,+2014+(Sunday)+-+58+58+447+Wondrous+Cross+-+Melissa+Kelley+and+Eamonn+O'Neill.mp3"
270,"https://cork-sacred-harp.s3.amazonaws.com/Cork+Sacred+Harp+-+The+Fourth+Ireland+Convention,+2014+(Sunday)+-+59+59+270+Confidence+-+Al+McCready.mp3"
473,"https://cork-sacred-harp.s3.amazonaws.com/Cork+Sacred+Harp+-+The+Fourth+Ireland+Convention,+2014+(Sunday)+-+60+60+473+Carmarthen+-+Rachel+Jordan.mp3"
110,"https://cork-sacred-harp.s3.amazonaws.com/Cork+Sacred+Harp+-+The+Fourth+Ireland+Convention,+2014+(Sunday)+-+61+61+110+Mount+Vernon+-+Eva+Striebeck.mp3"
245,"https://cork-sacred-harp.s3.amazonaws.com/Cork+Sacred+Harp+-+The+Fourth+Ireland+Convention,+2014+(Sunday)+-+62+62+245+Claremont+-+Juniper+Hill.mp3"
547,"https://cork-sacred-harp.s3.amazonaws.com/Cork+Sacred+Harp+-+The+Fourth+Ireland+Convention,+2014+(Sunday)+-+63+63+547+Granville+-+Ciarán+Ryan+and+Aaron+Kahn.mp3"
400,"https://cork-sacred-harp.s3.amazonaws.com/Cork+Sacred+Harp+-+The+Fourth+Ireland+Convention,+2014+(Sunday)+-+64+64+400+Struggle+On+-+Katy+Kanfer.mp3"
404,"https://cork-sacred-harp.s3.amazonaws.com/Cork+Sacred+Harp+-+The+Fourth+Ireland+Convention,+2014+(Sunday)+-+65+65+404+Youth+Will+Soon+Be+Gone.mp3"
86,"https://cork-sacred-harp.s3.amazonaws.com/Cork+Sacred+Harp+-+The+Fourth+Ireland+Convention,+2014+(Sunday)+-+66+66+86+Poland+-+Rob+Mahoney.mp3"
522,"https://cork-sacred-harp.s3.amazonaws.com/Cork+Sacred+Harp+-+The+Fourth+Ireland+Convention,+2014+(Sunday)+-+67+67+522+Ye+Heedless+Ones+-+Vyvek+Arora+and+Sadhbh+O'Flynn.mp3"
114,"https://cork-sacred-harp.s3.amazonaws.com/Cork+Sacred+Harp+-+The+Fourth+Ireland+Convention,+2014+(Sunday)+-+68+68+114+Saint's+Delight+-+Ronan+O'Donovan.mp3"
385b,"https://cork-sacred-harp.s3.amazonaws.com/Cork+Sacred+Harp+-+The+Fourth+Ireland+Convention,+2014+(Sunday)+-+69+69+385b+Can+I+Leave+You-+-+Sarah+Hill,+Phil+Tyler+and+Lisa+O'Grady.mp3"
231,"https://cork-sacred-harp.s3.amazonaws.com/Cork+Sacred+Harp+-+The+Fourth+Ireland+Convention,+2014+(Sunday)+-+70+70+231+Thou+Art+Passing+Away+-+Nick+Hall.mp3"
134,"https://cork-sacred-harp.s3.amazonaws.com/Cork+Sacred+Harp+-+The+Fourth+Ireland+Convention,+2014+(Sunday)+-+71+71+134+The+Christian's+Hope+-+Beth+Atkinson+and+Matthew+Robley.mp3"
499,"https://cork-sacred-harp.s3.amazonaws.com/Cork+Sacred+Harp+-+The+Fourth+Ireland+Convention,+2014+(Sunday)+-+72+72+499+At+Rest+-+Rachel+Wells+Hall.mp3"
138b,"https://cork-sacred-harp.s3.amazonaws.com/Cork+Sacred+Harp+-+The+Fourth+Ireland+Convention,+2014+(Sunday)+-+73+73+138b+Ogletree+-+Gary+Murphy,+Liam+Madden+and+Michael+Walker.mp3"
135,"https://cork-sacred-harp.s3.amazonaws.com/Cork+Sacred+Harp+-+The+Fourth+Ireland+Convention,+2014+(Sunday)+-+74+74+135+Olney+-+Ian+West.mp3"
296,"https://cork-sacred-harp.s3.amazonaws.com/Cork+Sacred+Harp+-+The+Fourth+Ireland+Convention,+2014+(Sunday)+-+75+75+296+Sardinia+-+Ben+Copenhaver.mp3"
457,"https://cork-sacred-harp.s3.amazonaws.com/Cork+Sacred+Harp+-+The+Fourth+Ireland+Convention,+2014+(Sunday)+-+76+76+457+Wayfaring+Stranger+-+Lamon+French.mp3"
444,"https://cork-sacred-harp.s3.amazonaws.com/Cork+Sacred+Harp+-+The+Fourth+Ireland+Convention,+2014+(Sunday)+-+77+77+444+All+Saints+New+-+Kevin+Kennedy.mp3"
417,"https://cork-sacred-harp.s3.amazonaws.com/Cork+Sacred+Harp+-+The+Fourth+Ireland+Convention,+2014+(Sunday)+-+78+78+417+Weeping+Pilgrim+-+Julie+Heeren+and+Eimear+O'Donovan.mp3"
428,"https://cork-sacred-harp.s3.amazonaws.com/Cork+Sacred+Harp+-+The+Fourth+Ireland+Convention,+2014+(Sunday)+-+79+79+428+World+Unknown+-+Marjorie+and+Al+Brown.mp3"
510,"https://cork-sacred-harp.s3.amazonaws.com/Cork+Sacred+Harp+-+The+Fourth+Ireland+Convention,+2014+(Sunday)+-+80+80+510+Corley+-+Timothy+Morton.mp3"
277,"https://cork-sacred-harp.s3.amazonaws.com/Cork+Sacred+Harp+-+The+Fourth+Ireland+Convention,+2014+(Sunday)+-+81+81+277+Antioch+-+Cath+Saunt.mp3"
58,"https://cork-sacred-harp.s3.amazonaws.com/Cork+Sacred+Harp+-+The+Fourth+Ireland+Convention,+2014+(Sunday)+-+82+82+58+Pisgah+-+Liam+Kirby.mp3"
34t,"https://cork-sacred-harp.s3.amazonaws.com/Cork+Sacred+Harp+-+The+Fourth+Ireland+Convention,+2014+(Sunday)+-+84+84+34t+The+Gospel+Pool+-+Francis+Gaskin.mp3"
146,"https://cork-sacred-harp.s3.amazonaws.com/Cork+Sacred+Harp+-+The+Fourth+Ireland+Convention,+2014+(Sunday)+-+85+85+146+Hallelujah+-+Fallon+Cook+and+Michael+Walker.mp3"
62,"https://cork-sacred-harp.s3.amazonaws.com/Cork+Sacred+Harp+-+The+Fourth+Ireland+Convention,+2014+(Sunday)+-+86+86+62+Parting+Hand+-+Amanda+Parkes+and+Declan+Synnott.mp3"
